,Año,País,Fecha,SMI Mon. Local,SMI €,Var.
0,2005,España [+],2005,€,"598,5 €",
1,2005,Reino Unido [+],2005,£,"1.134,7 €",
2,2005,Francia [+],2005,€,"1.217,9 €",
3,2005,Portugal [+],2005,€,"437,2 €",
4,2005,Estados Unidos [+],2005,$,"655,4 €",
5,2005,Japón [+],2005,¥,"826,3 €",
6,2005,China [+],2005,¥,"51,5 €",
7,2005,Albania [+],2005,Lek,"95,2 €",
8,2005,Armenia [+],2005,,"19,7 €",
9,2005,Angola [+],2005,,,
10,2005,Argentina [+],2005,$,"180,5 €",
11,2005,Australia [+],2005,$,"1.184,7 €",
12,2005,Azerbaiyán [+],2005,ман,,
13,2005,Bélgica [+],2005,€,"1.210,0 €",
14,2005,Burkina Faso [+],2005,,,
15,2005,Bulgaria [+],2005,лв,"76,7 €",
16,2005,Burundi [+],2005,,,
17,2005,Benín [+],2005,,,
18,2005,Bolivia [+],2005,$b,"40,1 €",
19,2005,Brasil [+],2005,R$,"79,2 €",
20,2005,Bahamas [+],2005,$,"508,8 €",
21,2005,Botsuana [+],2005,P,"92,1 €",
22,2005,Bielorrusia [+],2005,p.,"45,7 €",
23,2005,Canadá [+],2005,$,"769,7 €",
24,2005,República Democrática del Congo [+],2003,,,
25,2005,Costa de Marfil [+],2005,,,
26,2005,Chile [+],2005,$,"162,9 €",
27,2005,Camerún [+],2005,,,
28,2005,Colombia [+],2005,$,"116,3 €",
29,2005,Costa Rica [+],2005,₡,,
30,2005,Cuba [+],2005,₱,,
31,2005,República Checa [+],2005,Kč,"235,9 €",
32,2005,República Dominicana [+],2005,RD$,"98,5 €",
33,2005,Argelia [+],2005,,"101,8 €",
34,2005,Ecuador [+],2005,$,"110,1 €",
35,2005,Estonia [+],2005,€,"171,9 €",
36,2005,Egipto [+],2005,£,,
37,2005,Etiopía [+],2005,,,
38,2005,Gabón [+],2005,,,
39,2005,Georgia [+],2005,,"8,1 €",
40,2005,Ghana [+],2005,¢,,
41,2005,Grecia [+],2005,€,"667,7 €",
42,2005,Guatemala [+],2005,Q,"136,4 €",
43,2005,Honduras [+],2005,L,"69,0 €",
44,2005,Croacia [+],2005,kn,,
45,2005,Haiti [+],2005,,,
46,2005,Hungría [+],2005,Ft,"231,7 €",
47,2005,Indonesia [+],2005,Rp,"39,9 €",
48,2005,Irlanda [+],2005,€,"1.292,9 €",
49,2005,Israel [+],2005,₪,"568,4 €",
50,2005,India [+],2005,₹,"29,0 €",
51,2005,Irán [+],2005,﷼,"105,9 €",
52,2005,Jamaica [+],2005,J$,,
53,2005,Jordania [+],2005,,,
54,2005,Kenia [+],2005,,"69,3 €",
55,2005,Kirguistán [+],2005,лв,,
56,2005,Camboya [+],2005,៛,,
57,2005,Corea del Sur [+],2005,₩,"469,1 €",
58,2005,Kazajistán [+],2005,лв,,
59,2005,Laos [+],2005,₭,,
60,2005,Líbano [+],2005,£,,
61,2005,Sri Lanka [+],2005,₨,"21,1 €",
62,2005,Lesoto [+],2005,,,
63,2005,Lituania [+],2005,€,"159,3 €",
64,2005,Luxemburgo [+],2005,€,"1.466,8 €",
65,2005,Letonia [+],2005,€,"114,6 €",
66,2005,Marruecos [+],2005,,"164,7 €",
67,2005,Madagascar [+],2005,,,
68,2005,Macedonia del Norte [+],1999,,"60,9 €",
69,2005,Malí [+],2005,,,
70,2005,Mauritania [+],2005,,,
71,2005,Malta [+],2005,€,"555,1 €",
72,2005,Malaui [+],2005,,,
73,2005,México [+],2005,$,"90,4 €",
74,2005,Níger [+],2005,,,
75,2005,Nigeria [+],2005,₦,"30,4 €",
76,2005,Nicaragua [+],2005,C$,"46,6 €",
77,2005,Países Bajos [+],2005,€,"1.264,8 €",
78,2005,Nepal [+],2005,₨,"24,7 €",
79,2005,Nueva Zelanda [+],2005,$,"862,6 €",
80,2005,Panamá [+],2005,B/.,"180,2 €",
81,2005,Perú [+],2005,S/.,,
82,2005,Filipinas [+],2005,₱,,
83,2005,Pakistán [+],2005,₨,"37,3 €",
84,2005,Polonia [+],2005,zł,"207,9 €",
85,2005,Paraguay [+],2005,Gs,,
86,2005,Rumanía [+],2005,lei,"78,7 €",
87,2005,Serbia [+],2005,Дин,"126,6 €",
88,2005,Rusia [+],2005,₽,"19,6 €",
89,2005,Ruanda [+],2005,,,
90,2005,Islas Salomón [+],2005,$,,
91,2005,Sudán [+],2005,,,
92,2005,Eslovenia [+],2005,€,"490,1 €",
93,2005,Eslovaquia [+],2005,€,"167,8 €",
94,2005,Senegal [+],2005,,,
95,2005,El Salvador [+],2005,$,"98,5 €",
96,2005,Siria [+],2005,£,,
97,2005,Chad [+],2005,,,
98,2005,Togo [+],2005,,,
99,2005,Tailandia [+],2005,฿,"87,1 €",
100,2005,Tayikistán [+],2005,,,
101,2005,Túnez [+],2005,,"122,2 €",
102,2005,Turquía [+],2005,₤,"266,2 €",
103,2005,Trinidad y Tobago [+],2005,TT$,"182,6 €",
104,2005,Taiwan [+],2005,NT$,"365,6 €",
105,2005,Tanzania [+],2005,,,
106,2005,Ucrania [+],2005,₴,"46,0 €",
107,2005,Uganda [+],2005,,"2,5 €",
108,2005,Uruguay [+],2005,$U,"69,5 €",
109,2005,Uzbekistán [+],2005,л,,
110,2005,Venezuela [+],2005,Bs,,
111,2005,Vietnam [+],2005,₫,,
112,2005,Sudáfrica [+],2005,R,"185,3 €",
113,2006,España [+],2006,€,"631,1 €",
114,2006,Reino Unido [+],2006,£,"1.212,6 €",
115,2006,Francia [+],2006,€,"1.254,3 €",
116,2006,Portugal [+],2006,€,"450,0 €",
117,2006,Estados Unidos [+],2006,$,"756,7 €",
118,2006,Japón [+],2006,¥,"835,2 €",
119,2006,China [+],2006,¥,"67,2 €",
120,2006,Albania [+],2006,Lek,"113,6 €",
121,2006,Armenia [+],2006,,"28,2 €",
122,2006,Angola [+],2006,,,
123,2006,Argentina [+],2006,$,"203,6 €",
124,2006,Australia [+],2006,$,"1.309,3 €",
125,2006,Azerbaiyán [+],2006,ман,,
126,2006,Bangladés [+],2006,৳,,
127,2006,Bélgica [+],2006,€,"1.234,0 €",
128,2006,Burkina Faso [+],2006,,,
129,2006,Bulgaria [+],2006,лв,"81,8 €",
130,2006,Burundi [+],2006,,,
131,2006,Benín [+],2006,,,
132,2006,Bolivia [+],2006,$b,"52,7 €",
133,2006,Brasil [+],2006,R$,"122,7 €",
134,2006,Bahamas [+],2006,$,"587,4 €",
135,2006,Botsuana [+],2006,P,"89,4 €",
136,2006,Bielorrusia [+],2006,p.,"64,9 €",
137,2006,Canadá [+],2006,$,"959,8 €",
138,2006,República Democrática del Congo [+],2003,,,
139,2006,Costa de Marfil [+],2006,,,
140,2006,Chile [+],2006,$,"215,7 €",
141,2006,Camerún [+],2006,,,
142,2006,Colombia [+],2006,$,"151,2 €",
143,2006,Costa Rica [+],2006,₡,,
144,2006,Cuba [+],2006,₱,,
145,2006,República Checa [+],2006,Kč,"279,2 €",
146,2006,República Dominicana [+],2006,RD$,"99,0 €",
147,2006,Argelia [+],2006,,"138,1 €",
148,2006,Ecuador [+],2006,$,"135,6 €",
149,2006,Estonia [+],2006,€,"191,7 €",
150,2006,Egipto [+],2006,£,,
151,2006,Etiopía [+],2006,,,
152,2006,Gabón [+],2006,,,
153,2006,Georgia [+],2006,,"9,4 €",
154,2006,Ghana [+],2006,¢,,
155,2006,Grecia [+],2006,€,"709,7 €",
156,2006,Guatemala [+],2006,Q,"174,0 €",
157,2006,Honduras [+],2006,L,"87,1 €",
158,2006,Croacia [+],2006,kn,"294,3 €",
159,2006,Haiti [+],2006,,,
160,2006,Hungría [+],2006,Ft,"247,2 €",
161,2006,Indonesia [+],2006,Rp,"51,9 €",
162,2006,Irlanda [+],2006,€,"1.292,9 €",
163,2006,Israel [+],2006,₪,"644,8 €",
164,2006,India [+],2006,₹,"32,3 €",
165,2006,Irán [+],2006,﷼,"139,5 €",
166,2006,Jamaica [+],2006,J$,,
167,2006,Jordania [+],2006,,,
168,2006,Kenia [+],2006,,"95,1 €",
169,2006,Kirguistán [+],2006,лв,,
170,2006,Camboya [+],2006,៛,,
171,2006,Corea del Sur [+],2006,₩,"591,5 €",
172,2006,Kazajistán [+],2006,лв,"58,2 €",
173,2006,Laos [+],2006,₭,,
174,2006,Líbano [+],2006,£,,
175,2006,Sri Lanka [+],2006,₨,"25,4 €",
176,2006,Lesoto [+],2006,,,
177,2006,Lituania [+],2006,€,"173,8 €",
178,2006,Luxemburgo [+],2006,€,"1.503,4 €",
179,2006,Letonia [+],2006,€,"129,3 €",
180,2006,Marruecos [+],2006,,"168,7 €",
181,2006,Madagascar [+],2006,,,
182,2006,Macedonia del Norte [+],1999,,"60,9 €",
183,2006,Malí [+],2006,,,
184,2006,Mauritania [+],2006,,,
185,2006,Malta [+],2006,€,"584,2 €",
186,2006,Malaui [+],2006,,,
187,2006,México [+],2006,$,"113,7 €",
188,2006,Níger [+],2006,,,
189,2006,Nigeria [+],2006,₦,"36,2 €",
190,2006,Nicaragua [+],2006,C$,"60,2 €",
191,2006,Países Bajos [+],2006,€,"1.284,6 €",
192,2006,Nepal [+],2006,₨,"38,3 €",
193,2006,Nueva Zelanda [+],2006,$,"1.011,2 €",
194,2006,Panamá [+],2006,B/.,"223,9 €",
195,2006,Perú [+],2006,S/.,,
196,2006,Filipinas [+],2006,₱,"145,6 €",
197,2006,Pakistán [+],2006,₨,"42,5 €",
198,2006,Polonia [+],2006,zł,"232,9 €",
199,2006,Paraguay [+],2006,Gs,"169,1 €",
200,2006,Rumanía [+],2006,lei,"89,7 €",
201,2006,Serbia [+],2006,Дин,"145,6 €",
202,2006,Rusia [+],2006,₽,"32,4 €",
203,2006,Ruanda [+],2006,,,
204,2006,Islas Salomón [+],2006,$,,
205,2006,Sudán [+],2006,,,
206,2006,Eslovenia [+],2006,€,"511,9 €",
207,2006,Eslovaquia [+],2006,€,"182,2 €",
208,2006,Senegal [+],2006,,,
209,2006,El Salvador [+],2006,$,"125,2 €",
210,2006,Siria [+],2006,£,,
211,2006,Chad [+],2006,,,
212,2006,Togo [+],2006,,,
213,2006,Tailandia [+],2006,฿,"98,8 €",
214,2006,Tayikistán [+],2006,,,
215,2006,Túnez [+],2006,,"127,9 €",
216,2006,Turquía [+],2006,₤,"333,5 €",
217,2006,Trinidad y Tobago [+],2006,TT$,"210,7 €",
218,2006,Taiwan [+],2006,NT$,"408,9 €",
219,2006,Tanzania [+],2006,,,
220,2006,Ucrania [+],2006,₴,"67,0 €",
221,2006,Uganda [+],2006,,"2,8 €",
222,2006,Uruguay [+],2006,$U,"105,1 €",
223,2006,Uzbekistán [+],2006,л,,
224,2006,Venezuela [+],2006,Bs,,
225,2006,Vietnam [+],2006,₫,,
226,2006,Sudáfrica [+],2006,R,"201,6 €",
227,2007,España [+],2007,€,"665,7 €",
228,2007,Reino Unido [+],2007,£,"1.315,0 €",
229,2007,Francia [+],2007,€,"1.280,1 €",
230,2007,Portugal [+],2007,€,"470,2 €",
231,2007,Estados Unidos [+],2007,$,"677,8 €",
232,2007,Japón [+],2007,¥,"747,2 €",
233,2007,China [+],2007,¥,"71,0 €",
234,2007,Albania [+],2007,Lek,"113,0 €",
235,2007,Armenia [+],2007,,"41,8 €",
236,2007,Angola [+],2007,,,
237,2007,Argentina [+],2007,$,"211,2 €",
238,2007,Australia [+],2007,$,"1.335,9 €",
239,2007,Azerbaiyán [+],2007,ман,"43,6 €",
240,2007,Bangladés [+],2007,৳,,
241,2007,Bélgica [+],2007,€,"1.283,0 €",
242,2007,Burkina Faso [+],2007,,,
243,2007,Bulgaria [+],2007,лв,"92,0 €",
244,2007,Burundi [+],2007,,,
245,2007,Benín [+],2007,,,
246,2007,Bolivia [+],2007,$b,"50,4 €",
247,2007,Brasil [+],2007,R$,"132,6 €",
248,2007,Bahamas [+],2007,$,"526,2 €",
249,2007,Botsuana [+],2007,P,"77,3 €",
250,2007,Bielorrusia [+],2007,p.,"66,9 €",
251,2007,Belice [+],2007,BZ$,,
252,2007,Canadá [+],2007,$,"889,3 €",
253,2007,República Democrática del Congo [+],2003,,,
254,2007,Costa de Marfil [+],2007,,,
255,2007,Chile [+],2007,$,"198,3 €",
256,2007,Camerún [+],2007,,,
257,2007,Colombia [+],2007,$,"148,1 €",
258,2007,Costa Rica [+],2007,₡,,
259,2007,Cuba [+],2007,₱,,
260,2007,República Checa [+],2007,Kč,"291,1 €",
261,2007,República Dominicana [+],2007,RD$,"104,1 €",
262,2007,Argelia [+],2007,,"128,0 €",
263,2007,Ecuador [+],2007,$,"129,1 €",
264,2007,Estonia [+],2007,€,"230,1 €",
265,2007,Egipto [+],2007,£,,
266,2007,Etiopía [+],2007,,,
267,2007,Gabón [+],2007,,,
268,2007,Georgia [+],2007,,"8,9 €",
269,2007,Ghana [+],2007,¢,,
270,2007,Grecia [+],2007,€,"767,6 €",
271,2007,Guatemala [+],2007,Q,"162,4 €",
272,2007,Honduras [+],2007,L,"86,6 €",
273,2007,Croacia [+],2007,kn,"312,6 €",
274,2007,Haiti [+],2007,,,
275,2007,Hungría [+],2007,Ft,"260,2 €",
276,2007,Indonesia [+],2007,Rp,"56,4 €",
277,2007,Irlanda [+],2007,€,"1.461,9 €",
278,2007,Israel [+],2007,₪,"661,2 €",
279,2007,India [+],2007,₹,"29,5 €",
280,2007,Irán [+],2007,﷼,"150,6 €",
281,2007,Jamaica [+],2007,J$,,
282,2007,Jordania [+],2007,,,
283,2007,Kenia [+],2007,,"89,4 €",
284,2007,Kirguistán [+],2007,лв,,
285,2007,Camboya [+],2007,៛,,
286,2007,Corea del Sur [+],2007,₩,"642,1 €",
287,2007,Kazajistán [+],2007,лв,"58,1 €",
288,2007,Laos [+],2007,₭,,
289,2007,Líbano [+],2007,£,,
290,2007,Sri Lanka [+],2007,₨,"29,1 €",
291,2007,Lesoto [+],2007,,,
292,2007,Lituania [+],2007,€,"202,7 €",
293,2007,Luxemburgo [+],2007,€,"1.570,3 €",
294,2007,Letonia [+],2007,€,"172,1 €",
295,2007,Marruecos [+],2007,,"165,3 €",
296,2007,Madagascar [+],2007,,,
297,2007,Macedonia del Norte [+],1999,,"60,9 €",
298,2007,Malí [+],2007,,,
299,2007,Mauritania [+],2007,,,
300,2007,Malta [+],2007,€,"601,9 €",
301,2007,Malaui [+],2007,,,
302,2007,México [+],2007,$,"104,0 €",
303,2007,Níger [+],2007,,,
304,2007,Nigeria [+],2007,₦,"33,0 €",
305,2007,Nicaragua [+],2007,C$,"60,6 €",
306,2007,Países Bajos [+],2007,€,"1.317,0 €",
307,2007,Nepal [+],2007,₨,"35,2 €",
308,2007,Nueva Zelanda [+],2007,$,"1.018,3 €",
309,2007,Panamá [+],2007,B/.,"210,0 €",
310,2007,Perú [+],2007,S/.,,
311,2007,Filipinas [+],2007,₱,"146,3 €",
312,2007,Pakistán [+],2007,₨,"57,3 €",
313,2007,Polonia [+],2007,zł,"244,3 €",
314,2007,Paraguay [+],2007,Gs,"197,3 €",
315,2007,Rumanía [+],2007,lei,"115,3 €",
316,2007,Serbia [+],2007,Дин,"188,5 €",
317,2007,Rusia [+],2007,₽,"66,3 €",
318,2007,Ruanda [+],2007,,,
319,2007,Islas Salomón [+],2007,$,,
320,2007,Sudán [+],2007,,,
321,2007,Eslovenia [+],2007,€,"521,8 €",
322,2007,Eslovaquia [+],2007,€,"220,7 €",
323,2007,Senegal [+],2007,,,
324,2007,El Salvador [+],2007,$,"117,8 €",
325,2007,Siria [+],2007,£,,
326,2007,Chad [+],2007,,,
327,2007,Togo [+],2007,,,
328,2007,Tailandia [+],2007,฿,"106,2 €",
329,2007,Tayikistán [+],2007,,,
330,2007,Túnez [+],2007,,"124,6 €",
331,2007,Turquía [+],2007,₤,"329,8 €",
332,2007,Trinidad y Tobago [+],2007,TT$,"188,2 €",
333,2007,Taiwan [+],2007,NT$,"402,7 €",
334,2007,Tanzania [+],2007,,,
335,2007,Ucrania [+],2007,₴,"69,2 €",
336,2007,Uganda [+],2007,,"2,6 €",
337,2007,Uruguay [+],2007,$U,"100,6 €",
338,2007,Uzbekistán [+],2007,л,,
339,2007,Venezuela [+],2007,Bs,,
340,2007,Vietnam [+],2007,₫,,
341,2007,Sudáfrica [+],2007,R,"173,1 €",
342,2008,España [+],2008,€,"700,0 €",
343,2008,Reino Unido [+],2008,£,"1.242,2 €",
344,2008,Francia [+],2008,€,"1.321,0 €",
345,2008,Portugal [+],2008,€,"497,0 €",
346,2008,Estados Unidos [+],2008,$,"688,8 €",
347,2008,Japón [+],2008,¥,"726,2 €",
348,2008,China [+],2008,¥,"74,4 €",
349,2008,Albania [+],2008,Lek,"139,3 €",
350,2008,Armenia [+],2008,,"55,9 €",
351,2008,Angola [+],2008,,,
352,2008,Argentina [+],2008,$,"289,0 €",
353,2008,Australia [+],2008,$,"1.364,2 €",
354,2008,Azerbaiyán [+],2008,ман,"60,2 €",
355,2008,Bangladés [+],2008,৳,,
356,2008,Bélgica [+],2008,€,"1.335,8 €",
357,2008,Burkina Faso [+],2008,,,
358,2008,Bulgaria [+],2008,лв,"112,5 €",
359,2008,Burundi [+],2008,,,
360,2008,Benín [+],2008,,,
361,2008,Bolivia [+],2008,$b,"51,8 €",
362,2008,Brasil [+],2008,R$,"158,0 €",
363,2008,Bahamas [+],2008,$,"470,8 €",
364,2008,Botsuana [+],2008,P,"74,5 €",
365,2008,Bielorrusia [+],2008,p.,"69,5 €",
366,2008,Belice [+],2008,BZ$,,
367,2008,Canadá [+],2008,$,"1.001,7 €",
368,2008,República Democrática del Congo [+],2008,,,
369,2008,Costa de Marfil [+],2008,,,
370,2008,Chile [+],2008,$,"208,8 €",
371,2008,Camerún [+],2008,,,
372,2008,Colombia [+],2008,$,"159,9 €",
373,2008,Costa Rica [+],2008,₡,"231,9 €",
374,2008,Cuba [+],2008,₱,,
375,2008,Chipre [+],2008,€,"743,0 €",
376,2008,República Checa [+],2008,Kč,"300,4 €",
377,2008,República Dominicana [+],2008,RD$,"92,0 €",
378,2008,Argelia [+],2008,,"122,4 €",
379,2008,Ecuador [+],2008,$,"135,9 €",
380,2008,Estonia [+],2008,€,"278,0 €",
381,2008,Egipto [+],2008,£,,
382,2008,Etiopía [+],2008,,,
383,2008,Gabón [+],2008,,,
384,2008,Georgia [+],2008,,"8,6 €",
385,2008,Ghana [+],2008,¢,"42,4 €",
386,2008,Gambia [+],2008,,,
387,2008,Grecia [+],2008,€,"794,0 €",
388,2008,Guatemala [+],2008,Q,"151,8 €",
389,2008,Honduras [+],2008,L,"86,0 €",
390,2008,Croacia [+],2008,kn,"379,6 €",
391,2008,Haiti [+],2008,,,
392,2008,Hungría [+],2008,Ft,"271,9 €",
393,2008,Indonesia [+],2008,Rp,"53,8 €",
394,2008,Irlanda [+],2008,€,"1.461,9 €",
395,2008,Israel [+],2008,₪,"667,7 €",
396,2008,India [+],2008,₹,"36,0 €",
397,2008,Irán [+],2008,﷼,"160,7 €",
398,2008,Jamaica [+],2008,J$,,
399,2008,Jordania [+],2008,,,
400,2008,Kenia [+],2008,,"90,9 €",
401,2008,Kirguistán [+],2008,лв,,
402,2008,Camboya [+],2008,៛,,
403,2008,Comoras [+],2008,,,
404,2008,Corea del Sur [+],2008,₩,"618,3 €",
405,2008,Kazajistán [+],2008,лв,"67,9 €",
406,2008,Laos [+],2008,₭,,
407,2008,Líbano [+],2008,£,,
408,2008,Sri Lanka [+],2008,₨,"33,0 €",
409,2008,Lesoto [+],2008,,,
410,2008,Lituania [+],2008,€,"231,7 €",
411,2008,Luxemburgo [+],2008,€,"1.609,5 €",
412,2008,Letonia [+],2008,€,"229,8 €",
413,2008,Marruecos [+],2008,,"170,3 €",
414,2008,Madagascar [+],2008,,,
415,2008,Macedonia del Norte [+],1999,,"60,9 €",
416,2008,Malí [+],2008,,,
417,2008,Mongolia [+],2008,₮,,
418,2008,Mauritania [+],2008,,,
419,2008,Malta [+],2008,€,"617,2 €",
420,2008,Mauricio [+],2008,₨,"89,5 €",
421,2008,Malaui [+],2008,,,
422,2008,México [+],2008,$,"96,2 €",
423,2008,Mozambique [+],2008,MT,,
424,2008,Níger [+],2008,,,
425,2008,Nigeria [+],2007,₦,"33,0 €",
426,2008,Nicaragua [+],2008,C$,"59,4 €",
427,2008,Países Bajos [+],2008,€,"1.356,6 €",
428,2008,Nepal [+],2008,₨,"49,2 €",
429,2008,Nueva Zelanda [+],2008,$,"1.076,3 €",
430,2008,Omán [+],2008,﷼,"247,3 €",
431,2008,Panamá [+],2008,B/.,"196,4 €",
432,2008,Perú [+],2008,S/.,,
433,2008,Papúa Nueva Guinea [+],2008,,,
434,2008,Filipinas [+],2008,₱,"164,1 €",
435,2008,Pakistán [+],2008,₨,"66,7 €",
436,2008,Polonia [+],2008,zł,"313,3 €",
437,2008,Paraguay [+],2008,Gs,"197,3 €",
438,2008,Rumanía [+],2008,lei,"138,6 €",
439,2008,Serbia [+],2008,Дин,"233,1 €",
440,2008,Rusia [+],2008,₽,"63,9 €",
441,2008,Ruanda [+],2008,,,
442,2008,Islas Salomón [+],2008,$,,
443,2008,Sudán [+],2008,,,
444,2008,Eslovenia [+],2008,€,"566,5 €",
445,2008,Eslovaquia [+],2008,€,"241,2 €",
446,2008,Senegal [+],2008,,,
447,2008,El Salvador [+],2008,$,"110,7 €",
448,2008,Siria [+],2008,£,,
449,2008,Chad [+],2008,,,
450,2008,Togo [+],2008,,,
451,2008,Tailandia [+],2008,฿,"120,5 €",
452,2008,Tayikistán [+],2008,,,
453,2008,Túnez [+],2008,,"124,1 €",
454,2008,Turquía [+],2008,₤,"330,5 €",
455,2008,Trinidad y Tobago [+],2008,TT$,"167,8 €",
456,2008,Taiwan [+],2008,NT$,"361,9 €",
457,2008,Tanzania [+],2007,,,
458,2008,Ucrania [+],2008,₴,"81,5 €",
459,2008,Uganda [+],2008,,"2,4 €",
460,2008,Uruguay [+],2008,$U,"131,1 €",
461,2008,Uzbekistán [+],2008,л,,
462,2008,Venezuela [+],2008,Bs,,
463,2008,Vietnam [+],2008,₫,,
464,2008,Sudáfrica [+],2008,R,"173,2 €",
465,2009,España [+],2009,€,"728,0 €",
466,2009,Reino Unido [+],2009,£,"995,3 €",
467,2009,Francia [+],2009,€,"1.337,7 €",
468,2009,Portugal [+],2009,€,"525,0 €",
469,2009,Estados Unidos [+],2009,$,"815,8 €",
470,2009,Japón [+],2009,¥,"969,5 €",
471,2009,China [+],2009,¥,"84,3 €",
472,2009,Albania [+],2009,Lek,"137,7 €",
473,2009,Armenia [+],2009,,"69,0 €",
474,2009,Angola [+],2009,,,
475,2009,Argentina [+],2009,$,"255,8 €",
476,2009,Australia [+],2009,$,"1.162,3 €",
477,2009,Azerbaiyán [+],2009,ман,"66,4 €",
478,2009,Bangladés [+],2009,৳,"17,1 €",
479,2009,Bélgica [+],2009,€,"1.387,5 €",
480,2009,Burkina Faso [+],2009,,,
481,2009,Bulgaria [+],2009,лв,"122,7 €",
482,2009,Burundi [+],2009,,,
483,2009,Benín [+],2009,,,
484,2009,Bolivia [+],2009,$b,"65,9 €",
485,2009,Brasil [+],2009,R$,"142,1 €",
486,2009,Bahamas [+],2009,$,"498,0 €",
487,2009,Botsuana [+],2009,P,"62,8 €",
488,2009,Bielorrusia [+],2009,p.,"74,7 €",
489,2009,Belice [+],2009,BZ$,,
490,2009,Canadá [+],2009,$,"904,5 €",
491,2009,República Democrática del Congo [+],2009,,,
492,2009,Costa de Marfil [+],2009,,,
493,2009,Chile [+],2009,$,"182,2 €",
494,2009,Camerún [+],2009,,,
495,2009,Colombia [+],2009,$,"159,3 €",
496,2009,Costa Rica [+],2009,₡,"240,5 €",
497,2009,Cuba [+],2009,₱,,
498,2009,Chipre [+],2009,€,"791,0 €",
499,2009,República Checa [+],2009,Kč,"297,7 €",
500,2009,República Dominicana [+],2009,RD$,"107,2 €",
501,2009,Argelia [+],2009,,"122,2 €",
502,2009,Ecuador [+],2009,$,"156,6 €",
503,2009,Estonia [+],2009,€,"278,0 €",
504,2009,Egipto [+],2009,£,,
505,2009,Etiopía [+],2009,,,
506,2009,Fiyi [+],2009,$,,
507,2009,Gabón [+],2009,,,
508,2009,Georgia [+],2009,,"8,5 €",
509,2009,Ghana [+],2009,¢,"42,1 €",
510,2009,Gambia [+],2009,,,
511,2009,Grecia [+],2009,€,"862,8 €",
512,2009,Guatemala [+],2009,Q,"167,1 €",
513,2009,Honduras [+],2009,L,"209,2 €",
514,2009,Croacia [+],2009,kn,"386,9 €",
515,2009,Haiti [+],2009,,,
516,2009,Hungría [+],2009,Ft,"268,1 €",
517,2009,Indonesia [+],2009,Rp,"54,5 €",
518,2009,Irlanda [+],2009,€,"1.461,9 €",
519,2009,Israel [+],2009,₪,"727,7 €",
520,2009,India [+],2009,₹,"38,6 €",
521,2009,Irán [+],2009,﷼,"192,7 €",
522,2009,Jamaica [+],2009,J$,,
523,2009,Jordania [+],2009,,,
524,2009,Kenia [+],2009,,"88,1 €",
525,2009,Kirguistán [+],2009,лв,,
526,2009,Camboya [+],2009,៛,,
527,2009,Comoras [+],2009,,,
528,2009,Corea del Sur [+],2009,₩,"491,5 €",
529,2009,Kazajistán [+],2009,лв,"81,6 €",
530,2009,Laos [+],2009,₭,,
531,2009,Líbano [+],2009,£,,
532,2009,Sri Lanka [+],2009,₨,"37,4 €",
533,2009,Lesoto [+],2009,,,
534,2009,Lituania [+],2009,€,"231,7 €",
535,2009,Luxemburgo [+],2009,€,"1.682,8 €",
536,2009,Letonia [+],2009,€,"254,1 €",
537,2009,Libia [+],2009,,,
538,2009,Marruecos [+],2009,,"180,4 €",
539,2009,Madagascar [+],2009,,,
540,2009,Macedonia del Norte [+],1999,,"60,9 €",
541,2009,Malí [+],2009,,,
542,2009,Mongolia [+],2009,₮,,
543,2009,Mauritania [+],2009,,"56,9 €",
544,2009,Malta [+],2009,€,"634,9 €",
545,2009,Mauricio [+],2009,₨,"81,8 €",
546,2009,Malaui [+],2009,,,
547,2009,México [+],2009,$,"84,1 €",
548,2009,Mozambique [+],2009,MT,,
549,2009,Níger [+],2009,,,
550,2009,Nigeria [+],2007,₦,"33,0 €",
551,2009,Nicaragua [+],2009,C$,"78,4 €",
552,2009,Países Bajos [+],2009,€,"1.398,6 €",
553,2009,Nepal [+],2009,₨,"42,6 €",
554,2009,Nueva Zelanda [+],2009,$,"886,7 €",
555,2009,Omán [+],2009,﷼,"261,6 €",
556,2009,Panamá [+],2009,B/.,"207,7 €",
557,2009,Perú [+],2009,S/.,,
558,2009,Papúa Nueva Guinea [+],2009,,,
559,2009,Filipinas [+],2009,₱,"151,1 €",
560,2009,Pakistán [+],2009,₨,"54,5 €",
561,2009,Polonia [+],2009,zł,"307,2 €",
562,2009,Paraguay [+],2009,Gs,"202,6 €",
563,2009,Rumanía [+],2009,lei,"149,2 €",
564,2009,Serbia [+],2009,Дин,"220,2 €",
565,2009,Rusia [+],2009,₽,"104,9 €",
566,2009,Ruanda [+],2009,,,
567,2009,Islas Salomón [+],2009,$,,
568,2009,Sudán [+],2009,,,
569,2009,Eslovenia [+],2009,€,"589,2 €",
570,2009,Eslovaquia [+],2009,€,"295,5 €",
571,2009,Senegal [+],2009,,,
572,2009,El Salvador [+],2009,$,"126,5 €",
573,2009,Siria [+],2009,£,,
574,2009,Chad [+],2009,,,
575,2009,Togo [+],2009,,,
576,2009,Tailandia [+],2009,฿,"109,3 €",
577,2009,Tayikistán [+],2009,,,
578,2009,Túnez [+],2009,,"122,2 €",
579,2009,Turquía [+],2009,₤,"320,8 €",
580,2009,Trinidad y Tobago [+],2009,TT$,"178,3 €",
581,2009,Taiwan [+],2009,NT$,"378,1 €",
582,2009,Tanzania [+],2007,,,
583,2009,Ucrania [+],2009,₴,"68,5 €",
584,2009,Uganda [+],2009,,"2,2 €",
585,2009,Uruguay [+],2009,$U,"129,1 €",
586,2009,Uzbekistán [+],2009,л,,
587,2009,Venezuela [+],2009,Bs,"324,3 €",
588,2009,Vietnam [+],2009,₫,,
589,2009,Sudáfrica [+],2009,R,"149,0 €",
590,2010,España [+],2010,€,"738,9 €",
591,2010,Reino Unido [+],2010,£,"1.076,5 €",
592,2010,Francia [+],2010,€,"1.343,8 €",
593,2010,Portugal [+],2010,€,"554,2 €",
594,2010,Estados Unidos [+],2010,$,"872,3 €",
595,2010,Japón [+],2010,¥,"933,6 €",
596,2010,China [+],2010,¥,"97,6 €",
597,2010,Afganistán [+],2010,؋,,
598,2010,Albania [+],2010,Lek,"139,3 €",
599,2010,Armenia [+],2010,,"55,3 €",
600,2010,Angola [+],2010,,,
601,2010,Argentina [+],2010,$,"339,4 €",
602,2010,Australia [+],2010,$,"1.507,4 €",
603,2010,Azerbaiyán [+],2010,ман,"73,9 €",
604,2010,Bangladés [+],2010,৳,"30,2 €",
605,2010,Bélgica [+],2010,€,"1.387,5 €",
606,2010,Burkina Faso [+],2010,,,
607,2010,Bulgaria [+],2010,лв,"122,7 €",
608,2010,Burundi [+],2010,,,
609,2010,Benín [+],2010,,,
610,2010,Bolivia [+],2010,$b,"68,0 €",
611,2010,Brasil [+],2010,R$,"203,1 €",
612,2010,Bahamas [+],2010,$,"481,1 €",
613,2010,Botsuana [+],2010,P,"68,7 €",
614,2010,Bielorrusia [+],2010,p.,"97,4 €",
615,2010,Belice [+],2010,BZ$,,
616,2010,Canadá [+],2010,$,"1.071,3 €",
617,2010,República Democrática del Congo [+],2010,,,
618,2010,Costa de Marfil [+],2010,,,
619,2010,Chile [+],2010,$,"231,7 €",
620,2010,Camerún [+],2010,,,
621,2010,Colombia [+],2010,$,"175,6 €",
622,2010,Costa Rica [+],2010,₡,"250,3 €",
623,2010,Cuba [+],2010,₱,,
624,2010,Chipre [+],2010,€,"835,0 €",
625,2010,República Checa [+],2010,Kč,"302,2 €",
626,2010,República Dominicana [+],2010,RD$,"101,7 €",
627,2010,Argelia [+],2010,,"145,0 €",
628,2010,Ecuador [+],2010,$,"166,6 €",
629,2010,Estonia [+],2010,€,"278,0 €",
630,2010,Egipto [+],2010,£,"48,6 €",
631,2010,Etiopía [+],2010,,,
632,2010,Fiyi [+],2010,$,,
633,2010,Gabón [+],2010,,,
634,2010,Georgia [+],2010,,"8,3 €",
635,2010,Ghana [+],2010,¢,"40,8 €",
636,2010,Gambia [+],2010,,,
637,2010,Guinea Ecuatorial [+],2010,,,
638,2010,Grecia [+],2010,€,"862,8 €",
639,2010,Guatemala [+],2010,Q,"160,4 €",
640,2010,Guinea-Bisáu [+],2010,,,
641,2010,Honduras [+],2010,L,"202,1 €",
642,2010,Croacia [+],2010,kn,"385,5 €",
643,2010,Haiti [+],2010,,,
644,2010,Hungría [+],2010,Ft,"271,8 €",
645,2010,Indonesia [+],2010,Rp,"66,7 €",
646,2010,Irlanda [+],2010,€,"1.461,9 €",
647,2010,Israel [+],2010,₪,"708,0 €",
648,2010,India [+],2010,₹,"38,8 €",
649,2010,Irán [+],2010,﷼,"210,7 €",
650,2010,Jamaica [+],2010,J$,,
651,2010,Jordania [+],2010,,,
652,2010,Kenia [+],2010,,"97,4 €",
653,2010,Kirguistán [+],2010,лв,,
654,2010,Camboya [+],2010,៛,,
655,2010,Comoras [+],2010,,,
656,2010,Corea del Sur [+],2010,₩,"557,2 €",
657,2010,Kuwait [+],2010,,"145,2 €",
658,2010,Kazajistán [+],2010,лв,"70,0 €",
659,2010,Laos [+],2010,₭,,
660,2010,Líbano [+],2010,£,,
661,2010,Sri Lanka [+],2009,₨,"37,4 €",
662,2010,Lesoto [+],2010,,,
663,2010,Lituania [+],2010,€,"231,7 €",
664,2010,Luxemburgo [+],2010,€,"1.724,8 €",
665,2010,Letonia [+],2010,€,"253,8 €",
666,2010,Libia [+],2010,,,
667,2010,Marruecos [+],2010,,"179,3 €",
668,2010,Moldavia [+],2010,,"62,4 €",
669,2010,Madagascar [+],2010,,,
670,2010,Macedonia del Norte [+],1999,,"60,9 €",
671,2010,Malí [+],2010,,,
672,2010,Mongolia [+],2010,₮,,
673,2010,Mauritania [+],2010,,"56,2 €",
674,2010,Malta [+],2010,€,"659,9 €",
675,2010,Mauricio [+],2010,₨,"88,8 €",
676,2010,Maldivas [+],2010,,"169,1 €",
677,2010,Malaui [+],2010,,,
678,2010,México [+],2010,$,"89,7 €",
679,2010,Mozambique [+],2010,MT,,
680,2010,Níger [+],2010,,,
681,2010,Nigeria [+],2007,₦,"33,0 €",
682,2010,Nicaragua [+],2010,C$,"81,0 €",
683,2010,Países Bajos [+],2010,€,"1.416,0 €",
684,2010,Nepal [+],2010,₨,"42,8 €",
685,2010,Nueva Zelanda [+],2010,$,"1.110,5 €",
686,2010,Omán [+],2010,﷼,"252,8 €",
687,2010,Panamá [+],2010,B/.,"220,9 €",
688,2010,Perú [+],2010,S/.,,
689,2010,Papúa Nueva Guinea [+],2010,,,
690,2010,Filipinas [+],2010,₱,"158,4 €",
691,2010,Pakistán [+],2010,₨,"57,7 €",
692,2010,Polonia [+],2010,zł,"320,9 €",
693,2010,Paraguay [+],2010,Gs,"216,8 €",
694,2010,Rumanía [+],2010,lei,"141,6 €",
695,2010,Serbia [+],2010,Дин,"203,3 €",
696,2010,Rusia [+],2010,₽,"100,3 €",
697,2010,Ruanda [+],2010,,,
698,2010,Islas Salomón [+],2010,$,,
699,2010,Sudán [+],2010,,,
700,2010,Eslovenia [+],2010,€,"734,2 €",
701,2010,Eslovaquia [+],2010,€,"307,7 €",
702,2010,Senegal [+],2010,,,
703,2010,El Salvador [+],2010,$,"122,2 €",
704,2010,Siria [+],2010,£,,
705,2010,Chad [+],2010,,,
706,2010,Togo [+],2010,,,
707,2010,Tailandia [+],2010,฿,"111,6 €",
708,2010,Tayikistán [+],2010,,,
709,2010,Túnez [+],2010,,"123,8 €",
710,2010,Turquía [+],2010,₤,"392,0 €",
711,2010,Trinidad y Tobago [+],2010,TT$,"171,0 €",
712,2010,Taiwan [+],2010,NT$,"375,1 €",
713,2010,Tanzania [+],2010,,,
714,2010,Ucrania [+],2010,₴,"80,5 €",
715,2010,Uganda [+],2010,,"2,2 €",
716,2010,Uruguay [+],2010,$U,"170,5 €",
717,2010,Uzbekistán [+],2010,л,,
718,2010,Venezuela [+],2010,Bs,"396,2 €",
719,2010,Vietnam [+],2010,₫,,
720,2010,Sudáfrica [+],2010,R,"195,4 €",
721,2011,España [+],2011,€,"748,3 €",
722,2011,Reino Unido [+],2011,£,"1.136,2 €",
723,2011,Francia [+],2011,€,"1.365,0 €",
724,2011,Portugal [+],2011,€,"565,8 €",
725,2011,Estados Unidos [+],2011,$,"940,5 €",
726,2011,Japón [+],2011,¥,"1.167,4 €",
727,2011,China [+],2011,¥,"131,5 €",
728,2011,Afganistán [+],2011,؋,,
729,2011,Albania [+],2011,Lek,"141,4 €",
730,2011,Armenia [+],2011,,"67,6 €",
731,2011,Angola [+],2010,,,
732,2011,Argentina [+],2011,$,"379,5 €",
733,2011,Australia [+],2011,$,"1.912,0 €",
734,2011,Azerbaiyán [+],2011,ман,"88,5 €",
735,2011,Bangladés [+],2011,৳,"32,1 €",
736,2011,Bélgica [+],2011,€,"1.443,5 €",
737,2011,Burkina Faso [+],2011,,,
738,2011,Bulgaria [+],2011,лв,"122,7 €",
739,2011,Baréin [+],2011,,"600,8 €",
740,2011,Burundi [+],2011,,,
741,2011,Benín [+],2011,,,
742,2011,Bolivia [+],2011,$b,"88,4 €",
743,2011,Brasil [+],2011,R$,"245,4 €",
744,2011,Bahamas [+],2010,$,"481,1 €",
745,2011,Bután [+],2011,,,
746,2011,Botsuana [+],2011,P,"76,8 €",
747,2011,Bielorrusia [+],2011,p.,"233,0 €",
748,2011,Belice [+],2011,BZ$,"226,2 €",
749,2011,Canadá [+],2011,$,"1.255,6 €",
750,2011,República Democrática del Congo [+],2011,,,
751,2011,Costa de Marfil [+],2011,,,
752,2011,Chile [+],2011,$,"285,5 €",
753,2011,Camerún [+],2011,,,
754,2011,Colombia [+],2011,$,"208,6 €",
755,2011,Costa Rica [+],2011,₡,"314,4 €",
756,2011,Cuba [+],2011,₱,,
757,2011,Chipre [+],2011,€,"855,0 €",
758,2011,República Checa [+],2011,Kč,"319,2 €",
759,2011,República Dominicana [+],2011,RD$,"123,9 €",
760,2011,Argelia [+],2011,,"150,6 €",
761,2011,Ecuador [+],2011,$,"197,6 €",
762,2011,Estonia [+],2011,€,"278,0 €",
763,2011,Egipto [+],2011,£,"90,9 €",
764,2011,Etiopía [+],2011,,,
765,2011,Fiyi [+],2011,$,,
766,2011,Gabón [+],2011,,,
767,2011,Georgia [+],2011,,"8,5 €",
768,2011,Ghana [+],2011,¢,"52,3 €",
769,2011,Gambia [+],2011,,,
770,2011,Guinea Ecuatorial [+],2011,,,
771,2011,Grecia [+],2011,€,"876,6 €",
772,2011,Guatemala [+],2011,Q,"201,8 €",
773,2011,Guinea-Bisáu [+],2011,,,
774,2011,Hong Kong [+],2011,$,"572,4 €",
775,2011,Honduras [+],2011,L,"232,0 €",
776,2011,Croacia [+],2011,kn,"381,2 €",
777,2011,Haiti [+],2011,,,
778,2011,Hungría [+],2011,Ft,"280,6 €",
779,2011,Indonesia [+],2011,Rp,"82,4 €",
780,2011,Irlanda [+],2011,€,"1.461,9 €",
781,2011,Israel [+],2011,₪,"842,9 €",
782,2011,India [+],2011,₹,"50,0 €",
783,2011,Irán [+],2011,﷼,"240,2 €",
784,2011,Jamaica [+],2011,J$,,
785,2011,Jordania [+],2011,,,
786,2011,Kenia [+],2011,,"110,7 €",
787,2011,Kirguistán [+],2011,лв,,
788,2011,Camboya [+],2011,៛,,
789,2011,Comoras [+],2010,,,
790,2011,Corea del Sur [+],2011,₩,"651,3 €",
791,2011,Kuwait [+],2011,,"161,0 €",
792,2011,Kazajistán [+],2011,лв,"81,7 €",
793,2011,Laos [+],2011,₭,,
794,2011,Líbano [+],2011,£,"249,3 €",
795,2011,Sri Lanka [+],2009,₨,"37,4 €",
796,2011,Lesoto [+],2011,,,
797,2011,Lituania [+],2011,€,"231,7 €",
798,2011,Luxemburgo [+],2011,€,"1.757,6 €",
799,2011,Letonia [+],2011,€,"281,9 €",
800,2011,Libia [+],2011,,,
801,2011,Marruecos [+],2011,,"199,4 €",
802,2011,Moldavia [+],2010,,"62,4 €",
803,2011,Madagascar [+],2011,,,
804,2011,Macedonia del Norte [+],1999,,"60,9 €",
805,2011,Malí [+],2011,,,
806,2011,Mongolia [+],2011,₮,,
807,2011,Mauritania [+],2011,,"81,0 €",
808,2011,Malta [+],2011,€,"665,0 €",
809,2011,Mauricio [+],2011,₨,"98,7 €",
810,2011,Maldivas [+],2010,,"169,1 €",
811,2011,Malaui [+],2011,,,
812,2011,México [+],2011,$,"106,7 €",
813,2011,Mozambique [+],2011,MT,,
814,2011,Níger [+],2011,,,
815,2011,Nigeria [+],2011,₦,"90,4 €",
816,2011,Nicaragua [+],2011,C$,"94,3 €",
817,2011,Países Bajos [+],2011,€,"1.435,2 €",
818,2011,Nepal [+],2011,₨,"64,7 €",
819,2011,Nueva Zelanda [+],2011,$,"1.303,8 €",
820,2011,Omán [+],2011,﷼,"391,7 €",
821,2011,Panamá [+],2011,B/.,"238,2 €",
822,2011,Perú [+],2011,S/.,"183,0 €",
823,2011,Papúa Nueva Guinea [+],2011,,,
824,2011,Filipinas [+],2011,₱,"190,6 €",
825,2011,Pakistán [+],2011,₨,"61,4 €",
826,2011,Polonia [+],2011,zł,"348,7 €",
827,2011,Paraguay [+],2011,Gs,"274,6 €",
828,2011,Rumanía [+],2011,lei,"157,2 €",
829,2011,Serbia [+],2011,Дин,"234,9 €",
830,2011,Rusia [+],2011,₽,"110,1 €",
831,2011,Ruanda [+],2011,,,
832,2011,Islas Salomón [+],2010,$,,
833,2011,Sudán [+],2010,,,
834,2011,Eslovenia [+],2011,€,"748,1 €",
835,2011,Eslovaquia [+],2011,€,"317,0 €",
836,2011,Senegal [+],2011,,,
837,2011,El Salvador [+],2011,$,"142,2 €",
838,2011,Siria [+],2010,£,,
839,2011,Chad [+],2011,,,
840,2011,Togo [+],2011,,,
841,2011,Tailandia [+],2011,฿,"139,2 €",
842,2011,Tayikistán [+],2011,,,
843,2011,Túnez [+],2011,,"128,0 €",
844,2011,Turquía [+],2011,₤,"356,2 €",
845,2011,Trinidad y Tobago [+],2011,TT$,"254,7 €",
846,2011,Taiwan [+],2011,NT$,"459,1 €",
847,2011,Tanzania [+],2011,,,
848,2011,Ucrania [+],2011,₴,"95,0 €",
849,2011,Uganda [+],2011,,"2,0 €",
850,2011,Uruguay [+],2011,$U,"225,1 €",
851,2011,Uzbekistán [+],2011,л,,
852,2011,Venezuela [+],2011,Bs,"449,5 €",
853,2011,Vietnam [+],2011,₫,,
854,2011,Sudáfrica [+],2011,R,"243,6 €",
855,2012,España [+],2012,€,"748,3 €",
856,2012,Reino Unido [+],2012,£,"1.202,0 €",
857,2012,Francia [+],2012,€,"1.425,7 €",
858,2012,Portugal [+],2012,€,"565,8 €",
859,2012,Estados Unidos [+],2012,$,"971,2 €",
860,2012,Japón [+],2012,¥,"1.280,1 €",
861,2012,China [+],2012,¥,"154,4 €",
862,2012,Afganistán [+],2012,؋,,
863,2012,Albania [+],2012,Lek,"152,0 €",
864,2012,Armenia [+],2012,,"65,2 €",
865,2012,Angola [+],2010,,,
866,2012,Argentina [+],2012,$,"457,4 €",
867,2012,Australia [+],2012,$,"2.036,2 €",
868,2012,Azerbaiyán [+],2012,ман,"91,9 €",
869,2012,Bangladés [+],2012,৳,"28,3 €",
870,2012,Bélgica [+],2012,€,"1.472,4 €",
871,2012,Burkina Faso [+],2012,,,
872,2012,Bulgaria [+],2012,лв,"148,3 €",
873,2012,Baréin [+],2011,,"600,8 €",
874,2012,Burundi [+],2012,,,
875,2012,Benín [+],2012,,,
876,2012,Bolivia [+],2012,$b,"112,6 €",
877,2012,Brasil [+],2012,R$,"257,5 €",
878,2012,Bahamas [+],2010,$,"481,1 €",
879,2012,Bután [+],2012,,,
880,2012,Botsuana [+],2012,P,"75,2 €",
881,2012,Bielorrusia [+],2012,p.,"108,5 €",
882,2012,Belice [+],2012,BZ$,"248,8 €",
883,2012,Canadá [+],2012,$,"1.309,0 €",
884,2012,República Democrática del Congo [+],2011,,,
885,2012,Costa de Marfil [+],2012,,,
886,2012,Chile [+],2012,$,"277,7 €",
887,2012,Camerún [+],2012,,,
888,2012,Colombia [+],2012,$,"224,7 €",
889,2012,Costa Rica [+],2012,₡,"346,2 €",
890,2012,Cuba [+],2011,₱,,
891,2012,Chipre [+],2011,€,"855,0 €",
892,2012,República Checa [+],2012,Kč,"310,2 €",
893,2012,República Dominicana [+],2012,RD$,"120,5 €",
894,2012,Argelia [+],2012,,"183,0 €",
895,2012,Ecuador [+],2012,$,"225,7 €",
896,2012,Estonia [+],2012,€,"290,0 €",
897,2012,Egipto [+],2012,£,"90,1 €",
898,2012,Etiopía [+],2011,,,
899,2012,Fiyi [+],2012,$,,
900,2012,Gabón [+],2012,,,
901,2012,Georgia [+],2012,,"9,3 €",
902,2012,Ghana [+],2012,¢,"57,7 €",
903,2012,Gambia [+],2012,,,
904,2012,Guinea Ecuatorial [+],2012,,,
905,2012,Grecia [+],2012,€,"683,8 €",
906,2012,Guatemala [+],2012,Q,"226,6 €",
907,2012,Guinea-Bisáu [+],2012,,,
908,2012,Hong Kong [+],2012,$,"591,5 €",
909,2012,Honduras [+],2012,L,"251,0 €",
910,2012,Croacia [+],2012,kn,"373,4 €",
911,2012,Haiti [+],2011,,,
912,2012,Hungría [+],2012,Ft,"295,6 €",
913,2012,Indonesia [+],2012,Rp,"95,4 €",
914,2012,Irlanda [+],2012,€,"1.461,9 €",
915,2012,Israel [+],2012,₪,"839,2 €",
916,2012,India [+],2012,₹,"43,5 €",
917,2012,Irán [+],2011,﷼,"240,2 €",
918,2012,Jamaica [+],2012,J$,,
919,2012,Jordania [+],2012,,,
920,2012,Kenia [+],2012,,"122,4 €",
921,2012,Kirguistán [+],2011,лв,,
922,2012,Camboya [+],2012,៛,,
923,2012,Comoras [+],2012,,,
924,2012,Corea del Sur [+],2012,₩,"638,7 €",
925,2012,Kuwait [+],2011,,"161,0 €",
926,2012,Kazajistán [+],2012,лв,"91,0 €",
927,2012,Laos [+],2012,₭,,
928,2012,Líbano [+],2011,£,"249,3 €",
929,2012,Sri Lanka [+],2009,₨,"37,4 €",
930,2012,Lesoto [+],2011,,,
931,2012,Lituania [+],2012,€,"231,7 €",
932,2012,Luxemburgo [+],2012,€,"1.801,5 €",
933,2012,Letonia [+],2012,€,"285,9 €",
934,2012,Libia [+],2012,,,
935,2012,Marruecos [+],2012,,"209,6 €",
936,2012,Moldavia [+],2012,,"86,2 €",
937,2012,Madagascar [+],2012,,,
938,2012,Macedonia del Norte [+],1999,,"60,9 €",
939,2012,Malí [+],2012,,,
940,2012,Mongolia [+],2012,₮,,
941,2012,Mauritania [+],2011,,"81,0 €",
942,2012,Malta [+],2012,€,"685,1 €",
943,2012,Mauricio [+],2012,₨,"110,5 €",
944,2012,Maldivas [+],2010,,"169,1 €",
945,2012,Malaui [+],2012,,,
946,2012,México [+],2012,$,"101,9 €",
947,2012,Mozambique [+],2012,MT,,
948,2012,Níger [+],2012,,,
949,2012,Nigeria [+],2012,₦,"89,1 €",
950,2012,Nicaragua [+],2012,C$,"104,7 €",
951,2012,Países Bajos [+],2012,€,"1.456,2 €",
952,2012,Nepal [+],2012,₨,"56,1 €",
953,2012,Nueva Zelanda [+],2012,$,"1.385,2 €",
954,2012,Omán [+],2012,﷼,"402,0 €",
955,2012,Panamá [+],2012,B/.,"282,9 €",
956,2012,Perú [+],2012,S/.,"215,9 €",
957,2012,Papúa Nueva Guinea [+],2012,,,
958,2012,Filipinas [+],2012,₱,"209,6 €",
959,2012,Pakistán [+],2012,₨,"68,7 €",
960,2012,Polonia [+],2012,zł,"336,5 €",
961,2012,Estado de Palestina [+],2012,₪,,
962,2012,Paraguay [+],2012,Gs,"286,8 €",
963,2012,Rumanía [+],2012,lei,"161,9 €",
964,2012,Serbia [+],2012,Дин,"234,9 €",
965,2012,Rusia [+],2012,₽,"110,4 €",
966,2012,Ruanda [+],2012,,,
967,2012,Islas Salomón [+],2010,$,,
968,2012,Sudán [+],2012,,,
969,2012,Eslovenia [+],2012,€,"763,1 €",
970,2012,Eslovaquia [+],2012,€,"327,0 €",
971,2012,Senegal [+],2012,,,
972,2012,El Salvador [+],2012,$,"146,8 €",
973,2012,Siria [+],2010,£,,
974,2012,Chad [+],2012,,,
975,2012,Togo [+],2012,,,
976,2012,Tailandia [+],2012,฿,"190,3 €",
977,2012,Tayikistán [+],2012,,,
978,2012,Timor Oriental [+],2012,$,"88,9 €",
979,2012,Túnez [+],2012,,"133,6 €",
980,2012,Turquía [+],2012,₤,"411,9 €",
981,2012,Trinidad y Tobago [+],2012,TT$,"261,1 €",
982,2012,Taiwan [+],2012,NT$,"479,1 €",
983,2012,Tanzania [+],2012,,,
984,2012,Ucrania [+],2012,₴,"110,1 €",
985,2012,Uganda [+],2012,,"1,9 €",
986,2012,Uruguay [+],2012,$U,"279,3 €",
987,2012,Uzbekistán [+],2012,л,,
988,2012,Venezuela [+],2012,Bs,"369,0 €",
989,2012,Vietnam [+],2012,₫,,
990,2012,Sudáfrica [+],2012,R,"219,3 €",
991,2013,España [+],2013,€,"752,9 €",
992,2013,Reino Unido [+],2013,£,"1.249,9 €",
993,2013,Francia [+],2013,€,"1.430,2 €",
994,2013,Portugal [+],2013,€,"565,8 €",
995,2013,Estados Unidos [+],2013,$,"952,5 €",
996,2013,Japón [+],2013,¥,"1.148,5 €",
997,2013,China [+],2013,¥,"170,3 €",
998,2013,Afganistán [+],2013,؋,,
999,2013,Albania [+],2013,Lek,"156,1 €",
1000,2013,Armenia [+],2013,,"84,6 €",
1001,2013,Angola [+],2010,,,
1002,2013,Argentina [+],2013,$,"452,1 €",
1003,2013,Australia [+],2013,$,"2.094,1 €",
1004,2013,Azerbaiyán [+],2013,ман,"101,2 €",
1005,2013,Bangladés [+],2013,৳,"50,4 €",
1006,2013,Bélgica [+],2013,€,"1.501,8 €",
1007,2013,Burkina Faso [+],2013,,,
1008,2013,Bulgaria [+],2013,лв,"158,5 €",
1009,2013,Baréin [+],2011,,"600,8 €",
1010,2013,Burundi [+],2013,,,
1011,2013,Benín [+],2013,,,
1012,2013,Bolivia [+],2013,$b,"132,3 €",
1013,2013,Brasil [+],2013,R$,"250,8 €",
1014,2013,Bahamas [+],2010,$,"481,1 €",
1015,2013,Bután [+],2013,,,
1016,2013,Botsuana [+],2013,P,"76,0 €",
1017,2013,Bielorrusia [+],2013,p.,"135,1 €",
1018,2013,Belice [+],2012,BZ$,"248,8 €",
1019,2013,Canadá [+],2013,$,"1.337,9 €",
1020,2013,República Democrática del Congo [+],2011,,,
1021,2013,Costa de Marfil [+],2013,,,
1022,2013,Chile [+],2013,$,"316,1 €",
1023,2013,Camerún [+],2013,,,
1024,2013,Colombia [+],2013,$,"252,9 €",
1025,2013,Costa Rica [+],2013,₡,"362,2 €",
1026,2013,Cuba [+],2011,₱,,
1027,2013,Chipre [+],2011,€,"855,0 €",
1028,2013,República Checa [+],2013,Kč,"318,1 €",
1029,2013,República Dominicana [+],2013,RD$,"129,6 €",
1030,2013,Argelia [+],2013,,"173,4 €",
1031,2013,Ecuador [+],2013,$,"241,0 €",
1032,2013,Estonia [+],2013,€,"320,0 €",
1033,2013,Egipto [+],2013,£,"83,6 €",
1034,2013,Etiopía [+],2011,,,
1035,2013,Fiyi [+],2012,$,,
1036,2013,Gabón [+],2013,,,
1037,2013,Georgia [+],2013,,"9,2 €",
1038,2013,Ghana [+],2013,¢,"56,9 €",
1039,2013,Gambia [+],2013,,,
1040,2013,Guinea Ecuatorial [+],2013,,,
1041,2013,Grecia [+],2013,€,"683,8 €",
1042,2013,Guatemala [+],2013,Q,"229,4 €",
1043,2013,Guinea-Bisáu [+],2013,,,
1044,2013,Guyana [+],2013,$,,
1045,2013,Hong Kong [+],2013,$,"622,9 €",
1046,2013,Honduras [+],2013,L,"248,1 €",
1047,2013,Croacia [+],2013,kn,"400,7 €",
1048,2013,Haiti [+],2011,,,
1049,2013,Hungría [+],2013,Ft,"335,3 €",
1050,2013,Indonesia [+],2013,Rp,"104,8 €",
1051,2013,Irlanda [+],2013,€,"1.461,9 €",
1052,2013,Israel [+],2013,₪,"873,0 €",
1053,2013,India [+],2013,₹,"41,2 €",
1054,2013,Irán [+],2011,﷼,"240,2 €",
1055,2013,Jamaica [+],2013,J$,,
1056,2013,Jordania [+],2013,,,
1057,2013,Kenia [+],2012,,"122,4 €",
1058,2013,Kirguistán [+],2011,лв,,
1059,2013,Camboya [+],2013,៛,,
1060,2013,Comoras [+],2013,,,
1061,2013,Corea del Sur [+],2013,₩,"722,3 €",
1062,2013,Kuwait [+],2011,,"161,0 €",
1063,2013,Kazajistán [+],2013,лв,"94,2 €",
1064,2013,Laos [+],2013,₭,,
1065,2013,Líbano [+],2011,£,"249,3 €",
1066,2013,Sri Lanka [+],2009,₨,"37,4 €",
1067,2013,Lesoto [+],2011,,,
1068,2013,Lituania [+],2013,€,"289,6 €",
1069,2013,Luxemburgo [+],2013,€,"1.874,2 €",
1070,2013,Letonia [+],2013,€,"286,7 €",
1071,2013,Libia [+],2013,,,
1072,2013,Marruecos [+],2013,,"209,4 €",
1073,2013,Moldavia [+],2013,,"87,5 €",
1074,2013,Montenegro [+],2013,€,"288,1 €",
1075,2013,Madagascar [+],2013,,,
1076,2013,Macedonia del Norte [+],2013,ден,"199,5 €",
1077,2013,Malí [+],2013,,,
1078,2013,Mongolia [+],2013,₮,,
1079,2013,Mauritania [+],2011,,"81,0 €",
1080,2013,Malta [+],2013,€,"702,8 €",
1081,2013,Mauricio [+],2013,₨,"111,6 €",
1082,2013,Maldivas [+],2010,,"169,1 €",
1083,2013,Malaui [+],2013,,,
1084,2013,México [+],2013,$,"111,7 €",
1085,2013,Malasia [+],2013,RM,"223,1 €",
1086,2013,Mozambique [+],2013,MT,,
1087,2013,Níger [+],2013,,,
1088,2013,Nigeria [+],2013,₦,"87,9 €",
1089,2013,Nicaragua [+],2013,C$,"109,9 €",
1090,2013,Países Bajos [+],2013,€,"1.477,8 €",
1091,2013,Nepal [+],2013,₨,"69,1 €",
1092,2013,Nueva Zelanda [+],2013,$,"1.478,7 €",
1093,2013,Omán [+],2013,﷼,"641,2 €",
1094,2013,Panamá [+],2013,B/.,"277,4 €",
1095,2013,Perú [+],2013,S/.,"223,2 €",
1096,2013,Papúa Nueva Guinea [+],2013,,,
1097,2013,Filipinas [+],2013,₱,"224,6 €",
1098,2013,Pakistán [+],2013,₨,"77,9 €",
1099,2013,Polonia [+],2013,zł,"392,7 €",
1100,2013,Estado de Palestina [+],2013,₪,,
1101,2013,Paraguay [+],2013,Gs,"291,2 €",
1102,2013,Rumanía [+],2013,lei,"179,4 €",
1103,2013,Serbia [+],2013,Дин,"236,3 €",
1104,2013,Rusia [+],2013,₽,"129,1 €",
1105,2013,Ruanda [+],2013,,,
1106,2013,Arabia Saudita [+],2013,﷼,"606,8 €",
1107,2013,Islas Salomón [+],2010,$,,
1108,2013,Sudán [+],2013,,,
1109,2013,Eslovenia [+],2013,€,"783,7 €",
1110,2013,Eslovaquia [+],2013,€,"337,7 €",
1111,2013,Sierra Leona [+],2013,,,
1112,2013,Senegal [+],2013,,,
1113,2013,El Salvador [+],2013,$,"149,8 €",
1114,2013,Siria [+],2010,£,,
1115,2013,Suazilandia [+],2013,,,
1116,2013,Chad [+],2013,,,
1117,2013,Togo [+],2013,,,
1118,2013,Tailandia [+],2013,฿,"193,3 €",
1119,2013,Tayikistán [+],2013,,,
1120,2013,Timor Oriental [+],2013,$,"87,2 €",
1121,2013,Túnez [+],2012,,"133,6 €",
1122,2013,Turquía [+],2013,₤,"405,2 €",
1123,2013,Trinidad y Tobago [+],2013,TT$,"256,1 €",
1124,2013,Taiwan [+],2013,NT$,"497,0 €",
1125,2013,Tanzania [+],2013,,,
1126,2013,Ucrania [+],2013,₴,"115,6 €",
1127,2013,Uganda [+],2013,,"1,7 €",
1128,2013,Uruguay [+],2013,$U,"308,8 €",
1129,2013,Uzbekistán [+],2013,л,,
1130,2013,Venezuela [+],2013,Bs,"525,8 €",
1131,2013,Vietnam [+],2013,₫,,
1132,2013,Sudáfrica [+],2013,R,"221,4 €",
1133,2014,España [+],2014,€,"752,9 €",
1134,2014,Reino Unido [+],2014,£,"1.251,1 €",
1135,2014,Francia [+],2014,€,"1.445,4 €",
1136,2014,Portugal [+],2014,€,"565,8 €",
1137,2014,Estados Unidos [+],2014,$,"911,2 €",
1138,2014,Japón [+],2014,¥,"919,9 €",
1139,2014,China [+],2013,¥,"170,3 €",
1140,2014,Afganistán [+],2013,؋,,
1141,2014,Albania [+],2014,Lek,"156,9 €",
1142,2014,Armenia [+],2014,,"118,2 €",
1143,2014,Angola [+],2014,,,
1144,2014,Argentina [+],2014,$,"397,1 €",
1145,2014,Australia [+],2014,$,"1.774,5 €",
1146,2014,Azerbaiyán [+],2014,ман,"97,4 €",
1147,2014,Bangladés [+],2013,৳,"50,4 €",
1148,2014,Bélgica [+],2014,€,"1.501,8 €",
1149,2014,Burkina Faso [+],2013,,,
1150,2014,Bulgaria [+],2014,лв,"173,8 €",
1151,2014,Baréin [+],2011,,"600,8 €",
1152,2014,Burundi [+],2013,,,
1153,2014,Benín [+],2013,,,
1154,2014,Bolivia [+],2014,$b,"152,1 €",
1155,2014,Brasil [+],2014,R$,"222,3 €",
1156,2014,Bahamas [+],2010,$,"481,1 €",
1157,2014,Bután [+],2014,,,
1158,2014,Botsuana [+],2013,P,"76,0 €",
1159,2014,Bielorrusia [+],2014,p.,"140,8 €",
1160,2014,Belice [+],2012,BZ$,"248,8 €",
1161,2014,Canadá [+],2014,$,"1.228,7 €",
1162,2014,República Democrática del Congo [+],2011,,,
1163,2014,Costa de Marfil [+],2013,,,
1164,2014,Chile [+],2014,$,"299,9 €",
1165,2014,Camerún [+],2014,,,
1166,2014,Colombia [+],2014,$,"232,0 €",
1167,2014,Costa Rica [+],2014,₡,"364,8 €",
1168,2014,Cuba [+],2011,₱,,
1169,2014,Chipre [+],2014,€,"870,0 €",
1170,2014,República Checa [+],2014,Kč,"309,9 €",
1171,2014,República Dominicana [+],2013,RD$,"129,6 €",
1172,2014,Argelia [+],2013,,"173,4 €",
1173,2014,Ecuador [+],2013,$,"241,0 €",
1174,2014,Estonia [+],2014,€,"355,0 €",
1175,2014,Egipto [+],2013,£,"83,6 €",
1176,2014,Etiopía [+],2011,,,
1177,2014,Fiyi [+],2012,$,,
1178,2014,Gabón [+],2013,,,
1179,2014,Georgia [+],2014,,"8,4 €",
1180,2014,Ghana [+],2013,¢,"56,9 €",
1181,2014,Gambia [+],2013,,,
1182,2014,Guinea Ecuatorial [+],2013,,,
1183,2014,Grecia [+],2014,€,"683,8 €",
1184,2014,Guatemala [+],2013,Q,"229,4 €",
1185,2014,Guinea-Bisáu [+],2013,,,
1186,2014,Guyana [+],2013,$,,
1187,2014,Hong Kong [+],2013,$,"622,9 €",
1188,2014,Honduras [+],2013,L,"248,1 €",
1189,2014,Croacia [+],2014,kn,"395,7 €",
1190,2014,Haiti [+],2011,,,
1191,2014,Hungría [+],2014,Ft,"341,7 €",
1192,2014,Indonesia [+],2013,Rp,"104,8 €",
1193,2014,Irlanda [+],2014,€,"1.461,9 €",
1194,2014,Israel [+],2014,₪,"898,1 €",
1195,2014,India [+],2013,₹,"41,2 €",
1196,2014,Irán [+],2011,﷼,"240,2 €",
1197,2014,Jamaica [+],2013,J$,,
1198,2014,Jordania [+],2013,,,
1199,2014,Kenia [+],2012,,"122,4 €",
1200,2014,Kirguistán [+],2011,лв,,
1201,2014,Camboya [+],2013,៛,,
1202,2014,Comoras [+],2013,,,
1203,2014,Corea del Sur [+],2014,₩,"750,5 €",
1204,2014,Kuwait [+],2011,,"161,0 €",
1205,2014,Kazajistán [+],2013,лв,"94,2 €",
1206,2014,Laos [+],2013,₭,,
1207,2014,Líbano [+],2011,£,"249,3 €",
1208,2014,Sri Lanka [+],2009,₨,"37,4 €",
1209,2014,Lesoto [+],2011,,,
1210,2014,Lituania [+],2014,€,"289,6 €",
1211,2014,Luxemburgo [+],2014,€,"1.921,0 €",
1212,2014,Letonia [+],2014,€,"320,0 €",
1213,2014,Libia [+],2013,,,
1214,2014,Marruecos [+],2013,,"209,4 €",
1215,2014,Moldavia [+],2013,,"87,5 €",
1216,2014,Montenegro [+],2014,€,"288,1 €",
1217,2014,Madagascar [+],2013,,,
1218,2014,Macedonia del Norte [+],2014,ден,"213,6 €",
1219,2014,Malí [+],2013,,,
1220,2014,Mongolia [+],2014,₮,,
1221,2014,Mauritania [+],2011,,"81,0 €",
1222,2014,Malta [+],2014,€,"718,0 €",
1223,2014,Mauricio [+],2013,₨,"111,6 €",
1224,2014,Maldivas [+],2010,,"169,1 €",
1225,2014,Malaui [+],2013,,,
1226,2014,México [+],2014,$,"110,4 €",
1227,2014,Malasia [+],2013,RM,"223,1 €",
1228,2014,Mozambique [+],2013,MT,,
1229,2014,Níger [+],2013,,,
1230,2014,Nigeria [+],2013,₦,"87,9 €",
1231,2014,Nicaragua [+],2013,C$,"109,9 €",
1232,2014,Países Bajos [+],2014,€,"1.495,2 €",
1233,2014,Nepal [+],2013,₨,"69,1 €",
1234,2014,Nueva Zelanda [+],2014,$,"1.460,7 €",
1235,2014,Omán [+],2013,﷼,"641,2 €",
1236,2014,Panamá [+],2013,B/.,"277,4 €",
1237,2014,Perú [+],2014,S/.,"194,8 €",
1238,2014,Papúa Nueva Guinea [+],2013,,,
1239,2014,Filipinas [+],2013,₱,"224,6 €",
1240,2014,Pakistán [+],2013,₨,"77,9 €",
1241,2014,Polonia [+],2014,zł,"404,4 €",
1242,2014,Estado de Palestina [+],2013,₪,,
1243,2014,Paraguay [+],2014,Gs,"288,6 €",
1244,2014,Rumanía [+],2014,lei,"205,3 €",
1245,2014,Serbia [+],2014,Дин,"232,7 €",
1246,2014,Rusia [+],2014,₽,"122,5 €",
1247,2014,Ruanda [+],2013,,,
1248,2014,Arabia Saudita [+],2013,﷼,"606,8 €",
1249,2014,Islas Salomón [+],2010,$,,
1250,2014,Sudán [+],2013,,,
1251,2014,Eslovenia [+],2014,€,"789,2 €",
1252,2014,Eslovaquia [+],2014,€,"352,0 €",
1253,2014,Sierra Leona [+],2013,,,
1254,2014,Senegal [+],2013,,,
1255,2014,El Salvador [+],2013,$,"149,8 €",
1256,2014,Siria [+],2010,£,,
1257,2014,Suazilandia [+],2013,,,
1258,2014,Chad [+],2013,,,
1259,2014,Togo [+],2014,,,
1260,2014,Tailandia [+],2013,฿,"193,3 €",
1261,2014,Tayikistán [+],2013,,,
1262,2014,Timor Oriental [+],2013,$,"87,2 €",
1263,2014,Túnez [+],2012,,"133,6 €",
1264,2014,Turquía [+],2014,₤,"391,5 €",
1265,2014,Trinidad y Tobago [+],2013,TT$,"256,1 €",
1266,2014,Taiwan [+],2013,NT$,"497,0 €",
1267,2014,Tanzania [+],2014,,,
1268,2014,Ucrania [+],2014,₴,"110,3 €",
1269,2014,Uganda [+],2014,,"1,7 €",
1270,2014,Uruguay [+],2013,$U,"308,8 €",
1271,2014,Uzbekistán [+],2014,л,,
1272,2014,Venezuela [+],2013,Bs,"525,8 €",
1273,2014,Vietnam [+],2014,₫,,
1274,2014,Sudáfrica [+],2013,R,"221,4 €",
1275,2015,España [+],2015,€,"756,7 €",
1276,2015,Alemania [+],2015,€,"1.440,0 €",
1277,2015,Reino Unido [+],2015,£,"1.378,9 €",
1278,2015,Francia [+],2015,€,"1.457,5 €",
1279,2015,Portugal [+],2015,€,"589,2 €",
1280,2015,Estados Unidos [+],2015,$,"1.035,1 €",
1281,2015,Japón [+],2015,¥,"936,3 €",
1282,2015,China [+],2013,¥,"170,3 €",
1283,2015,Andorra [+],2015,€,"975,9 €",
1284,2015,Afganistán [+],2013,؋,,
1285,2015,Albania [+],2015,Lek,"157,0 €",
1286,2015,Armenia [+],2014,,"118,2 €",
1287,2015,Angola [+],2014,,,
1288,2015,Argentina [+],2015,$,"553,9 €",
1289,2015,Australia [+],2015,$,"1.896,2 €",
1290,2015,Azerbaiyán [+],2015,ман,"110,3 €",
1291,2015,Bangladés [+],2013,৳,"50,4 €",
1292,2015,Bélgica [+],2015,€,"1.501,8 €",
1293,2015,Burkina Faso [+],2013,,,
1294,2015,Bulgaria [+],2015,лв,"194,3 €",
1295,2015,Baréin [+],2011,,"600,8 €",
1296,2015,Burundi [+],2013,,,
1297,2015,Benín [+],2013,,,
1298,2015,Bolivia [+],2015,$b,"198,6 €",
1299,2015,Brasil [+],2015,R$,"244,7 €",
1300,2015,Bahamas [+],2010,$,"481,1 €",
1301,2015,Bután [+],2014,,,
1302,2015,Botsuana [+],2013,P,"76,0 €",
1303,2015,Bielorrusia [+],2015,p.,"151,6 €",
1304,2015,Belice [+],2012,BZ$,"248,8 €",
1305,2015,Canadá [+],2015,$,"1.316,4 €",
1306,2015,República Democrática del Congo [+],2011,,,
1307,2015,Costa de Marfil [+],2013,,,
1308,2015,Chile [+],2015,$,"314,3 €",
1309,2015,Camerún [+],2014,,,
1310,2015,Colombia [+],2015,$,"258,8 €",
1311,2015,Costa Rica [+],2015,₡,"410,1 €",
1312,2015,Cuba [+],2011,₱,,
1313,2015,Chipre [+],2015,€,"870,0 €",
1314,2015,República Checa [+],2015,Kč,"331,7 €",
1315,2015,República Dominicana [+],2013,RD$,"129,6 €",
1316,2015,Argelia [+],2013,,"173,4 €",
1317,2015,Ecuador [+],2013,$,"241,0 €",
1318,2015,Estonia [+],2015,€,"390,0 €",
1319,2015,Egipto [+],2013,£,"83,6 €",
1320,2015,Etiopía [+],2011,,,
1321,2015,Fiyi [+],2012,$,,
1322,2015,Gabón [+],2013,,,
1323,2015,Georgia [+],2014,,"8,4 €",
1324,2015,Ghana [+],2013,¢,"56,9 €",
1325,2015,Gambia [+],2013,,,
1326,2015,Guinea Ecuatorial [+],2013,,,
1327,2015,Grecia [+],2015,€,"683,8 €",
1328,2015,Guatemala [+],2013,Q,"229,4 €",
1329,2015,Guinea-Bisáu [+],2013,,,
1330,2015,Guyana [+],2013,$,,
1331,2015,Hong Kong [+],2013,$,"622,9 €",
1332,2015,Honduras [+],2013,L,"248,1 €",
1333,2015,Croacia [+],2015,kn,"395,6 €",
1334,2015,Haiti [+],2011,,,
1335,2015,Hungría [+],2015,Ft,"332,8 €",
1336,2015,Indonesia [+],2013,Rp,"104,8 €",
1337,2015,Irlanda [+],2015,€,"1.461,9 €",
1338,2015,Israel [+],2015,₪,"966,6 €",
1339,2015,India [+],2013,₹,"41,2 €",
1340,2015,Irán [+],2011,﷼,"240,2 €",
1341,2015,Jamaica [+],2013,J$,,
1342,2015,Jordania [+],2013,,,
1343,2015,Kenia [+],2012,,"122,4 €",
1344,2015,Kirguistán [+],2011,лв,,
1345,2015,Camboya [+],2013,៛,,
1346,2015,Comoras [+],2013,,,
1347,2015,Corea del Sur [+],2015,₩,"880,3 €",
1348,2015,Kuwait [+],2011,,"161,0 €",
1349,2015,Kazajistán [+],2013,лв,"94,2 €",
1350,2015,Laos [+],2013,₭,,
1351,2015,Líbano [+],2011,£,"249,3 €",
1352,2015,Sri Lanka [+],2009,₨,"37,4 €",
1353,2015,Lesoto [+],2011,,,
1354,2015,Lituania [+],2015,€,"325,0 €",
1355,2015,Luxemburgo [+],2015,€,"1.923,0 €",
1356,2015,Letonia [+],2015,€,"360,0 €",
1357,2015,Libia [+],2013,,,
1358,2015,Marruecos [+],2013,,"209,4 €",
1359,2015,Moldavia [+],2015,,"52,6 €",
1360,2015,Montenegro [+],2015,€,"288,1 €",
1361,2015,Madagascar [+],2013,,,
1362,2015,Macedonia del Norte [+],2015,ден,"226,7 €",
1363,2015,Malí [+],2015,,,
1364,2015,Mongolia [+],2015,₮,,
1365,2015,Mauritania [+],2011,,"81,0 €",
1366,2015,Malta [+],2015,€,"720,5 €",
1367,2015,Mauricio [+],2013,₨,"111,6 €",
1368,2015,Maldivas [+],2010,,"169,1 €",
1369,2015,Malaui [+],2013,,,
1370,2015,México [+],2015,$,"117,9 €",
1371,2015,Malasia [+],2013,RM,"223,1 €",
1372,2015,Mozambique [+],2013,MT,,
1373,2015,Níger [+],2013,,,
1374,2015,Nigeria [+],2013,₦,"87,9 €",
1375,2015,Nicaragua [+],2013,C$,"109,9 €",
1376,2015,Países Bajos [+],2015,€,"1.507,8 €",
1377,2015,Nepal [+],2013,₨,"69,1 €",
1378,2015,Nueva Zelanda [+],2015,$,"1.632,9 €",
1379,2015,Omán [+],2013,﷼,"641,2 €",
1380,2015,Panamá [+],2013,B/.,"277,4 €",
1381,2015,Perú [+],2015,S/.,"206,6 €",
1382,2015,Papúa Nueva Guinea [+],2013,,,
1383,2015,Filipinas [+],2013,₱,"224,6 €",
1384,2015,Pakistán [+],2013,₨,"77,9 €",
1385,2015,Polonia [+],2015,zł,"409,5 €",
1386,2015,Estado de Palestina [+],2013,₪,,
1387,2015,Paraguay [+],2015,Gs,"323,9 €",
1388,2015,Rumanía [+],2015,lei,"238,4 €",
1389,2015,Serbia [+],2015,Дин,"235,5 €",
1390,2015,Rusia [+],2015,₽,"82,5 €",
1391,2015,Ruanda [+],2013,,,
1392,2015,Arabia Saudita [+],2013,﷼,"606,8 €",
1393,2015,Islas Salomón [+],2010,$,,
1394,2015,Sudán [+],2013,,,
1395,2015,Eslovenia [+],2015,€,"790,7 €",
1396,2015,Eslovaquia [+],2015,€,"380,0 €",
1397,2015,Sierra Leona [+],2013,,,
1398,2015,Senegal [+],2013,,,
1399,2015,El Salvador [+],2015,$,"207,3 €",
1400,2015,Siria [+],2010,£,,
1401,2015,Suazilandia [+],2013,,,
1402,2015,Chad [+],2013,,,
1403,2015,Togo [+],2015,,,
1404,2015,Tailandia [+],2013,฿,"193,3 €",
1405,2015,Tayikistán [+],2013,,,
1406,2015,Timor Oriental [+],2013,$,"87,2 €",
1407,2015,Túnez [+],2012,,"133,6 €",
1408,2015,Turquía [+],2015,₤,"425,2 €",
1409,2015,Trinidad y Tobago [+],2013,TT$,"256,1 €",
1410,2015,Taiwan [+],2013,NT$,"497,0 €",
1411,2015,Tanzania [+],2015,,,
1412,2015,Ucrania [+],2015,₴,"71,7 €",
1413,2015,Uganda [+],2015,,"1,7 €",
1414,2015,Uruguay [+],2013,$U,"308,8 €",
1415,2015,Uzbekistán [+],2015,л,,
1416,2015,Venezuela [+],2013,Bs,"525,8 €",
1417,2015,Vietnam [+],2015,₫,,
1418,2015,Sudáfrica [+],2013,R,"221,4 €",
1419,2016,España [+],2016,€,"764,4 €",
1420,2016,Alemania [+],2016,€,"1.440,0 €",
1421,2016,Reino Unido [+],2016,£,"1.443,4 €",
1422,2016,Francia [+],2016,€,"1.466,6 €",
1423,2016,Portugal [+],2016,€,"618,3 €",
1424,2016,Estados Unidos [+],2016,$,"1.154,3 €",
1425,2016,Japón [+],2016,¥,"1.063,6 €",
1426,2016,China [+],2013,¥,"170,3 €",
1427,2016,Andorra [+],2015,€,"975,9 €",
1428,2016,Afganistán [+],2013,؋,,
1429,2016,Albania [+],2016,Lek,"160,3 €",
1430,2016,Armenia [+],2014,,"118,2 €",
1431,2016,Angola [+],2014,,,
1432,2016,Argentina [+],2016,$,"452,6 €",
1433,2016,Australia [+],2016,$,"1.933,8 €",
1434,2016,Azerbaiyán [+],2016,ман,"61,6 €",
1435,2016,Bangladés [+],2013,৳,"50,4 €",
1436,2016,Bélgica [+],2016,€,"1.531,9 €",
1437,2016,Burkina Faso [+],2013,,,
1438,2016,Bulgaria [+],2016,лв,"214,8 €",
1439,2016,Baréin [+],2011,,"600,8 €",
1440,2016,Burundi [+],2013,,,
1441,2016,Benín [+],2013,,,
1442,2016,Bolivia [+],2016,$b,"240,9 €",
1443,2016,Brasil [+],2016,R$,"204,1 €",
1444,2016,Bahamas [+],2010,$,"481,1 €",
1445,2016,Bután [+],2014,,,
1446,2016,Botsuana [+],2013,P,"76,0 €",
1447,2016,Bielorrusia [+],2016,p.,"107,8 €",
1448,2016,Belice [+],2012,BZ$,"248,8 €",
1449,2016,Canadá [+],2016,$,"1.261,4 €",
1450,2016,República Democrática del Congo [+],2011,,,
1451,2016,Costa de Marfil [+],2013,,,
1452,2016,Chile [+],2016,$,"329,5 €",
1453,2016,Camerún [+],2014,,,
1454,2016,Colombia [+],2016,$,"234,6 €",
1455,2016,Costa Rica [+],2016,₡,"410,1 €",
1456,2016,Cuba [+],2011,₱,,
1457,2016,Chipre [+],2016,€,"870,0 €",
1458,2016,República Checa [+],2016,Kč,"366,4 €",
1459,2016,República Dominicana [+],2013,RD$,"129,6 €",
1460,2016,Argelia [+],2013,,"173,4 €",
1461,2016,Ecuador [+],2013,$,"241,0 €",
1462,2016,Estonia [+],2016,€,"430,0 €",
1463,2016,Egipto [+],2013,£,"83,6 €",
1464,2016,Etiopía [+],2011,,,
1465,2016,Fiyi [+],2012,$,,
1466,2016,Gabón [+],2013,,,
1467,2016,Georgia [+],2014,,"8,4 €",
1468,2016,Ghana [+],2013,¢,"56,9 €",
1469,2016,Gambia [+],2013,,,
1470,2016,Guinea Ecuatorial [+],2013,,,
1471,2016,Grecia [+],2016,€,"683,8 €",
1472,2016,Guatemala [+],2013,Q,"229,4 €",
1473,2016,Guinea-Bisáu [+],2013,,,
1474,2016,Guyana [+],2013,$,,
1475,2016,Hong Kong [+],2013,$,"622,9 €",
1476,2016,Honduras [+],2013,L,"248,1 €",
1477,2016,Croacia [+],2016,kn,"408,5 €",
1478,2016,Haiti [+],2011,,,
1479,2016,Hungría [+],2016,Ft,"351,3 €",
1480,2016,Indonesia [+],2013,Rp,"104,8 €",
1481,2016,Irlanda [+],2016,€,"1.546,4 €",
1482,2016,Israel [+],2016,₪,"1.115,2 €",
1483,2016,India [+],2013,₹,"41,2 €",
1484,2016,Irán [+],2011,﷼,"240,2 €",
1485,2016,Jamaica [+],2013,J$,,
1486,2016,Jordania [+],2013,,,
1487,2016,Kenia [+],2012,,"122,4 €",
1488,2016,Kirguistán [+],2011,лв,,
1489,2016,Camboya [+],2013,៛,,
1490,2016,Comoras [+],2013,,,
1491,2016,Corea del Sur [+],2016,₩,"984,0 €",
1492,2016,Kuwait [+],2011,,"161,0 €",
1493,2016,Kazajistán [+],2013,лв,"94,2 €",
1494,2016,Laos [+],2013,₭,,
1495,2016,Líbano [+],2011,£,"249,3 €",
1496,2016,Sri Lanka [+],2016,₨,"37,4 €",
1497,2016,Lesoto [+],2011,,,
1498,2016,Lituania [+],2016,€,"380,0 €",
1499,2016,Luxemburgo [+],2016,€,"1.923,0 €",
1500,2016,Letonia [+],2016,€,"370,0 €",
1501,2016,Libia [+],2013,,,
1502,2016,Marruecos [+],2013,,"209,4 €",
1503,2016,Moldavia [+],2016,,"46,6 €",
1504,2016,Montenegro [+],2016,€,"288,1 €",
1505,2016,Madagascar [+],2013,,,
1506,2016,Macedonia del Norte [+],2016,ден,"236,1 €",
1507,2016,Malí [+],2016,,,
1508,2016,Mongolia [+],2016,₮,,
1509,2016,Mauritania [+],2011,,"81,0 €",
1510,2016,Malta [+],2016,€,"728,0 €",
1511,2016,Mauricio [+],2013,₨,"111,6 €",
1512,2016,Maldivas [+],2010,,"169,1 €",
1513,2016,Malaui [+],2013,,,
1514,2016,México [+],2016,$,"117,5 €",
1515,2016,Malasia [+],2016,RM,"191,7 €",
1516,2016,Mozambique [+],2013,MT,,
1517,2016,Níger [+],2013,,,
1518,2016,Nigeria [+],2013,₦,"87,9 €",
1519,2016,Nicaragua [+],2013,C$,"109,9 €",
1520,2016,Países Bajos [+],2016,€,"1.537,2 €",
1521,2016,Nepal [+],2013,₨,"69,1 €",
1522,2016,Nueva Zelanda [+],2016,$,"1.646,5 €",
1523,2016,Omán [+],2013,﷼,"641,2 €",
1524,2016,Panamá [+],2013,B/.,"277,4 €",
1525,2016,Perú [+],2016,S/.,"229,1 €",
1526,2016,Papúa Nueva Guinea [+],2013,,,
1527,2016,Filipinas [+],2013,₱,"224,6 €",
1528,2016,Pakistán [+],2013,₨,"77,9 €",
1529,2016,Polonia [+],2016,zł,"433,9 €",
1530,2016,Estado de Palestina [+],2013,₪,,
1531,2016,Paraguay [+],2016,Gs,"287,8 €",
1532,2016,Rumanía [+],2016,lei,"276,3 €",
1533,2016,Serbia [+],2016,Дин,"230,1 €",
1534,2016,Rusia [+],2016,₽,"76,9 €",
1535,2016,Ruanda [+],2013,,,
1536,2016,Arabia Saudita [+],2013,﷼,"606,8 €",
1537,2016,Islas Salomón [+],2010,$,,
1538,2016,Sudán [+],2013,,,
1539,2016,Eslovenia [+],2016,€,"790,7 €",
1540,2016,Eslovaquia [+],2016,€,"405,0 €",
1541,2016,Sierra Leona [+],2013,,,
1542,2016,Senegal [+],2013,,,
1543,2016,El Salvador [+],2016,$,"237,8 €",
1544,2016,Siria [+],2010,£,,
1545,2016,Suazilandia [+],2013,,,
1546,2016,Chad [+],2013,,,
1547,2016,Togo [+],2016,,,
1548,2016,Tailandia [+],2013,฿,"193,3 €",
1549,2016,Tayikistán [+],2013,,,
1550,2016,Timor Oriental [+],2013,$,"87,2 €",
1551,2016,Túnez [+],2012,,"133,6 €",
1552,2016,Turquía [+],2016,₤,"518,5 €",
1553,2016,Trinidad y Tobago [+],2013,TT$,"256,1 €",
1554,2016,Taiwan [+],2013,NT$,"497,0 €",
1555,2016,Tanzania [+],2016,,,
1556,2016,Ucrania [+],2016,₴,"61,4 €",
1557,2016,Uganda [+],2016,,"1,7 €",
1558,2016,Uruguay [+],2013,$U,"308,8 €",
1559,2016,Uzbekistán [+],2016,л,,
1560,2016,Venezuela [+],2013,Bs,"525,8 €",
1561,2016,Vietnam [+],2016,₫,,
1562,2016,Sudáfrica [+],2013,R,"221,4 €",
1563,2017,España [+],2017,€,"825,7 €",
1564,2017,Alemania [+],2017,€,"1.498,0 €",
1565,2017,Reino Unido [+],2017,£,"1.413,6 €",
1566,2017,Francia [+],2017,€,"1.480,3 €",
1567,2017,Portugal [+],2017,€,"649,8 €",
1568,2017,Estados Unidos [+],2017,$,"1.192,2 €",
1569,2017,Japón [+],2017,¥,"1.164,8 €",
1570,2017,China [+],2013,¥,"170,3 €",
1571,2017,Andorra [+],2015,€,"975,9 €",
1572,2017,Afganistán [+],2017,؋,,
1573,2017,Albania [+],2017,Lek,"181,0 €",
1574,2017,Armenia [+],2014,,"118,2 €",
1575,2017,Angola [+],2017,,,
1576,2017,Argentina [+],2017,$,"470,8 €",
1577,2017,Australia [+],2017,$,"2.030,1 €",
1578,2017,Azerbaiyán [+],2017,ман,"62,2 €",
1579,2017,Bangladés [+],2013,৳,"50,4 €",
1580,2017,Bélgica [+],2017,€,"1.562,6 €",
1581,2017,Burkina Faso [+],2013,,,
1582,2017,Bulgaria [+],2017,лв,"235,2 €",
1583,2017,Baréin [+],2011,,"600,8 €",
1584,2017,Burundi [+],2013,,,
1585,2017,Benín [+],2013,,,
1586,2017,Bolivia [+],2017,$b,"278,3 €",
1587,2017,Brasil [+],2017,R$,"273,1 €",
1588,2017,Bahamas [+],2010,$,"481,1 €",
1589,2017,Bután [+],2014,,,
1590,2017,Botsuana [+],2013,P,"76,0 €",
1591,2017,Bielorrusia [+],2017,p.,"129,6 €",
1592,2017,Belice [+],2012,BZ$,"248,8 €",
1593,2017,Canadá [+],2017,$,"1.389,1 €",
1594,2017,República Democrática del Congo [+],2011,,,
1595,2017,Costa de Marfil [+],2013,,,
1596,2017,Chile [+],2017,$,"379,6 €",
1597,2017,Camerún [+],2014,,,
1598,2017,Colombia [+],2017,$,"272,1 €",
1599,2017,Costa Rica [+],2017,₡,"410,1 €",
1600,2017,Cuba [+],2011,₱,,
1601,2017,Chipre [+],2017,€,"870,0 €",
1602,2017,República Checa [+],2017,Kč,"407,1 €",
1603,2017,República Dominicana [+],2013,RD$,"129,6 €",
1604,2017,Argelia [+],2013,,"173,4 €",
1605,2017,Ecuador [+],2013,$,"241,0 €",
1606,2017,Estonia [+],2017,€,"470,0 €",
1607,2017,Egipto [+],2013,£,"83,6 €",
1608,2017,Etiopía [+],2011,,,
1609,2017,Fiyi [+],2012,$,,
1610,2017,Gabón [+],2013,,,
1611,2017,Georgia [+],2014,,"8,4 €",
1612,2017,Ghana [+],2013,¢,"56,9 €",
1613,2017,Gambia [+],2013,,,
1614,2017,Guinea Ecuatorial [+],2013,,,
1615,2017,Grecia [+],2017,€,"683,8 €",
1616,2017,Guatemala [+],2013,Q,"229,4 €",
1617,2017,Guinea-Bisáu [+],2013,,,
1618,2017,Guyana [+],2013,$,,
1619,2017,Hong Kong [+],2013,$,"622,9 €",
1620,2017,Honduras [+],2013,L,"248,1 €",
1621,2017,Croacia [+],2017,kn,"433,4 €",
1622,2017,Haiti [+],2011,,,
1623,2017,Hungría [+],2017,Ft,"411,5 €",
1624,2017,Indonesia [+],2013,Rp,"104,8 €",
1625,2017,Irlanda [+],2017,€,"1.563,3 €",
1626,2017,Israel [+],2017,₪,"1.235,3 €",
1627,2017,India [+],2013,₹,"41,2 €",
1628,2017,Irán [+],2011,﷼,"240,2 €",
1629,2017,Jamaica [+],2017,J$,,
1630,2017,Jordania [+],2013,,,
1631,2017,Kenia [+],2012,,"122,4 €",
1632,2017,Kirguistán [+],2011,лв,,
1633,2017,Camboya [+],2013,៛,,
1634,2017,Comoras [+],2013,,,
1635,2017,Corea del Sur [+],2017,₩,"1.065,3 €",
1636,2017,Kuwait [+],2011,,"161,0 €",
1637,2017,Kazajistán [+],2013,лв,"94,2 €",
1638,2017,Laos [+],2013,₭,,
1639,2017,Líbano [+],2011,£,"249,3 €",
1640,2017,Sri Lanka [+],2016,₨,"37,4 €",
1641,2017,Lesoto [+],2011,,,
1642,2017,Lituania [+],2017,€,"380,0 €",
1643,2017,Luxemburgo [+],2017,€,"1.998,6 €",
1644,2017,Letonia [+],2017,€,"380,0 €",
1645,2017,Libia [+],2013,,,
1646,2017,Marruecos [+],2013,,"209,4 €",
1647,2017,Moldavia [+],2017,,"47,9 €",
1648,2017,Montenegro [+],2017,€,"288,1 €",
1649,2017,Madagascar [+],2013,,,
1650,2017,Macedonia del Norte [+],2017,ден,"277,6 €",
1651,2017,Malí [+],2016,,,
1652,2017,Mongolia [+],2017,₮,,
1653,2017,Mauritania [+],2011,,"81,0 €",
1654,2017,Malta [+],2017,€,"735,6 €",
1655,2017,Mauricio [+],2013,₨,"111,6 €",
1656,2017,Maldivas [+],2010,,"169,1 €",
1657,2017,Malaui [+],2013,,,
1658,2017,México [+],2017,$,"111,8 €",
1659,2017,Malasia [+],2016,RM,"191,7 €",
1660,2017,Mozambique [+],2013,MT,,
1661,2017,Níger [+],2013,,,
1662,2017,Nigeria [+],2013,₦,"87,9 €",
1663,2017,Nicaragua [+],2013,C$,"109,9 €",
1664,2017,Países Bajos [+],2017,€,"1.565,4 €",
1665,2017,Nepal [+],2013,₨,"69,1 €",
1666,2017,Nueva Zelanda [+],2017,$,"1.786,7 €",
1667,2017,Omán [+],2013,﷼,"641,2 €",
1668,2017,Panamá [+],2013,B/.,"277,4 €",
1669,2017,Perú [+],2017,S/.,"242,6 €",
1670,2017,Papúa Nueva Guinea [+],2013,,,
1671,2017,Filipinas [+],2013,₱,"224,6 €",
1672,2017,Pakistán [+],2017,₨,"144,8 €",
1673,2017,Polonia [+],2017,zł,"453,5 €",
1674,2017,Estado de Palestina [+],2013,₪,,
1675,2017,Paraguay [+],2017,Gs,"325,6 €",
1676,2017,Rumanía [+],2017,lei,"318,5 €",
1677,2017,Serbia [+],2017,Дин,"253,1 €",
1678,2017,Rusia [+],2017,₽,"119,0 €",
1679,2017,Ruanda [+],2013,,,
1680,2017,Arabia Saudita [+],2013,﷼,"606,8 €",
1681,2017,Islas Salomón [+],2010,$,,
1682,2017,Sudán [+],2013,,,
1683,2017,Eslovenia [+],2017,€,"805,0 €",
1684,2017,Eslovaquia [+],2017,€,"435,0 €",
1685,2017,Sierra Leona [+],2013,,,
1686,2017,Senegal [+],2013,,,
1687,2017,El Salvador [+],2017,$,"284,6 €",
1688,2017,Siria [+],2010,£,,
1689,2017,Suazilandia [+],2013,,,
1690,2017,Chad [+],2013,,,
1691,2017,Togo [+],2017,,,
1692,2017,Tailandia [+],2013,฿,"193,3 €",
1693,2017,Tayikistán [+],2017,,,
1694,2017,Timor Oriental [+],2013,$,"87,2 €",
1695,2017,Túnez [+],2012,,"133,6 €",
1696,2017,Turquía [+],2017,₤,"479,5 €",
1697,2017,Trinidad y Tobago [+],2013,TT$,"256,1 €",
1698,2017,Taiwan [+],2013,NT$,"497,0 €",
1699,2017,Tanzania [+],2017,,,
1700,2017,Ucrania [+],2017,₴,"112,6 €",
1701,2017,Uganda [+],2017,,"1,7 €",
1702,2017,Uruguay [+],2013,$U,"308,8 €",
1703,2017,Uzbekistán [+],2017,л,,
1704,2017,Venezuela [+],2013,Bs,"525,8 €",
1705,2017,Vietnam [+],2017,₫,,
1706,2017,Sudáfrica [+],2013,R,"221,4 €",
1707,2018,España [+],2018,€,"858,6 €",
1708,2018,Alemania [+],2018,€,"1.498,0 €",
1709,2018,Reino Unido [+],2018,£,"1.467,2 €",
1710,2018,Francia [+],2018,€,"1.498,5 €",
1711,2018,Portugal [+],2018,€,"676,7 €",
1712,2018,Estados Unidos [+],2018,$,"1.047,8 €",
1713,2018,Japón [+],2018,¥,"1.097,1 €",
1714,2018,China [+],2018,¥,"271,6 €",
1715,2018,Andorra [+],2015,€,"975,9 €",
1716,2018,Afganistán [+],2017,؋,,
1717,2018,Albania [+],2018,Lek,"180,5 €",
1718,2018,Armenia [+],2014,,"118,2 €",
1719,2018,Angola [+],2018,,,
1720,2018,Argentina [+],2018,$,"263,6 €",
1721,2018,Australia [+],2018,$,"1.996,6 €",
1722,2018,Azerbaiyán [+],2018,ман,"64,0 €",
1723,2018,Bangladés [+],2018,৳,"82,1 €",
1724,2018,Bélgica [+],2018,€,"1.562,6 €",
1725,2018,Burkina Faso [+],2018,,,
1726,2018,Bulgaria [+],2018,лв,"260,8 €",
1727,2018,Baréin [+],2011,,"600,8 €",
1728,2018,Burundi [+],2013,,,
1729,2018,Benín [+],2013,,,
1730,2018,Bolivia [+],2018,$b,"251,4 €",
1731,2018,Brasil [+],2018,R$,"240,1 €",
1732,2018,Bahamas [+],2018,$,"175,1 €",
1733,2018,Bután [+],2014,,,
1734,2018,Botsuana [+],2013,P,"76,0 €",
1735,2018,Bielorrusia [+],2018,p.,"129,5 €",
1736,2018,Belice [+],2012,BZ$,"248,8 €",
1737,2018,Canadá [+],2018,$,"1.482,2 €",
1738,2018,República Democrática del Congo [+],2011,,,
1739,2018,Costa de Marfil [+],2018,,,
1740,2018,Chile [+],2018,$,"379,5 €",
1741,2018,Camerún [+],2014,,,
1742,2018,Colombia [+],2018,$,"257,0 €",
1743,2018,Costa Rica [+],2018,₡,"415,8 €",
1744,2018,Cuba [+],2011,₱,,
1745,2018,Chipre [+],2018,€,"870,0 €",
1746,2018,República Checa [+],2018,Kč,"477,8 €",
1747,2018,República Dominicana [+],2013,RD$,"129,6 €",
1748,2018,Argelia [+],2013,,"173,4 €",
1749,2018,Ecuador [+],2013,$,"241,0 €",
1750,2018,Estonia [+],2018,€,"500,0 €",
1751,2018,Egipto [+],2013,£,"83,6 €",
1752,2018,Etiopía [+],2011,,,
1753,2018,Fiyi [+],2012,$,,
1754,2018,Gabón [+],2013,,,
1755,2018,Georgia [+],2018,,"6,4 €",
1756,2018,Ghana [+],2013,¢,"56,9 €",
1757,2018,Gambia [+],2013,,,
1758,2018,Guinea Ecuatorial [+],2013,,,
1759,2018,Grecia [+],2018,€,"683,8 €",
1760,2018,Guatemala [+],2013,Q,"229,4 €",
1761,2018,Guinea-Bisáu [+],2013,,,
1762,2018,Guyana [+],2013,$,,
1763,2018,Hong Kong [+],2013,$,"622,9 €",
1764,2018,Honduras [+],2013,L,"248,1 €",
1765,2018,Croacia [+],2018,kn,"462,3 €",
1766,2018,Haiti [+],2011,,,
1767,2018,Hungría [+],2018,Ft,"444,7 €",
1768,2018,Indonesia [+],2013,Rp,"104,8 €",
1769,2018,Irlanda [+],2018,€,"1.614,0 €",
1770,2018,Israel [+],2018,₪,"1.273,0 €",
1771,2018,India [+],2013,₹,"41,2 €",
1772,2018,Irán [+],2011,﷼,"240,2 €",
1773,2018,Jamaica [+],2018,J$,,
1774,2018,Jordania [+],2013,,,
1775,2018,Kenia [+],2012,,"122,4 €",
1776,2018,Kirguistán [+],2011,лв,,
1777,2018,Camboya [+],2013,៛,,
1778,2018,Comoras [+],2013,,,
1779,2018,Corea del Sur [+],2018,₩,"1.229,9 €",
1780,2018,Kuwait [+],2011,,"161,0 €",
1781,2018,Kazajistán [+],2013,лв,"94,2 €",
1782,2018,Laos [+],2013,₭,,
1783,2018,Líbano [+],2011,£,"249,3 €",
1784,2018,Sri Lanka [+],2016,₨,"37,4 €",
1785,2018,Lesoto [+],2011,,,
1786,2018,Lituania [+],2018,€,"400,0 €",
1787,2018,Luxemburgo [+],2018,€,"1.998,6 €",
1788,2018,Letonia [+],2018,€,"430,0 €",
1789,2018,Libia [+],2013,,,
1790,2018,Marruecos [+],2013,,"209,4 €",
1791,2018,Moldavia [+],2018,,"49,0 €",
1792,2018,Montenegro [+],2018,€,"288,1 €",
1793,2018,Madagascar [+],2013,,,
1794,2018,Macedonia del Norte [+],2018,ден,"282,5 €",
1795,2018,Malí [+],2016,,,
1796,2018,Mongolia [+],2018,₮,,
1797,2018,Mauritania [+],2011,,"81,0 €",
1798,2018,Malta [+],2018,€,"747,5 €",
1799,2018,Mauricio [+],2013,₨,"111,6 €",
1800,2018,Maldivas [+],2010,,"169,1 €",
1801,2018,Malaui [+],2013,,,
1802,2018,México [+],2018,$,"113,6 €",
1803,2018,Malasia [+],2018,RM,"226,6 €",
1804,2018,Mozambique [+],2013,MT,,
1805,2018,Níger [+],2013,,,
1806,2018,Nigeria [+],2013,₦,"87,9 €",
1807,2018,Nicaragua [+],2013,C$,"109,9 €",
1808,2018,Países Bajos [+],2018,€,"1.594,2 €",
1809,2018,Nepal [+],2013,₨,"69,1 €",
1810,2018,Nueva Zelanda [+],2018,$,"1.665,2 €",
1811,2018,Omán [+],2013,﷼,"641,2 €",
1812,2018,Panamá [+],2013,B/.,"277,4 €",
1813,2018,Perú [+],2018,S/.,"239,5 €",
1814,2018,Papúa Nueva Guinea [+],2013,,,
1815,2018,Filipinas [+],2013,₱,"224,6 €",
1816,2018,Pakistán [+],2017,₨,"144,8 €",
1817,2018,Polonia [+],2018,zł,"502,8 €",
1818,2018,Estado de Palestina [+],2013,₪,,
1819,2018,Paraguay [+],2017,Gs,"325,6 €",
1820,2018,Rumanía [+],2018,lei,"407,9 €",
1821,2018,Serbia [+],2018,Дин,"282,5 €",
1822,2018,Rusia [+],2018,₽,"152,8 €",
1823,2018,Ruanda [+],2013,,,
1824,2018,Arabia Saudita [+],2013,﷼,"606,8 €",
1825,2018,Islas Salomón [+],2010,$,,
1826,2018,Sudán [+],2013,,,
1827,2018,Eslovenia [+],2018,€,"842,8 €",
1828,2018,Eslovaquia [+],2018,€,"480,0 €",
1829,2018,Sierra Leona [+],2013,,,
1830,2018,Senegal [+],2013,,,
1831,2018,El Salvador [+],2018,$,"253,6 €",
1832,2018,Siria [+],2010,£,,
1833,2018,Suazilandia [+],2013,,,
1834,2018,Chad [+],2013,,,
1835,2018,Togo [+],2018,,,
1836,2018,Tailandia [+],2013,฿,"193,3 €",
1837,2018,Tayikistán [+],2018,,,
1838,2018,Timor Oriental [+],2013,$,"87,2 €",
1839,2018,Túnez [+],2012,,"133,6 €",
1840,2018,Turquía [+],2018,₤,"446,4 €",
1841,2018,Trinidad y Tobago [+],2013,TT$,"256,1 €",
1842,2018,Taiwan [+],2013,NT$,"497,0 €",
1843,2018,Tanzania [+],2018,,,
1844,2018,Ucrania [+],2018,₴,"112,4 €",
1845,2018,Uganda [+],2018,,"1,7 €",
1846,2018,Uruguay [+],2018,$U,"521,5 €",
1847,2018,Uzbekistán [+],2018,л,,
1848,2018,Venezuela [+],2013,Bs,"525,8 €",
1849,2018,Vietnam [+],2018,₫,,
1850,2018,Sudáfrica [+],2013,R,"221,4 €",
1851,2019,España [+],2019,€,"1.050,0 €",
1852,2019,Alemania [+],2019,€,"1.557,0 €",
1853,2019,Reino Unido [+],2019,£,"1.517,1 €",
1854,2019,Francia [+],2019,€,"1.521,2 €",
1855,2019,Portugal [+],2019,€,"700,0 €",
1856,2019,Estados Unidos [+],2019,$,"1.097,5 €",
1857,2019,Japón [+],2019,¥,"1.213,1 €",
1858,2019,China [+],2018,¥,"271,6 €",
1859,2019,Andorra [+],2015,€,"975,9 €",
1860,2019,Afganistán [+],2017,؋,,
1861,2019,Albania [+],2019,Lek,"210,7 €",
1862,2019,Armenia [+],2019,,"118,2 €",
1863,2019,Angola [+],2018,,,
1864,2019,Argentina [+],2019,$,"270,3 €",
1865,2019,Australia [+],2019,$,"1.950,3 €",
1866,2019,Azerbaiyán [+],2019,ман,"128,4 €",
1867,2019,Bangladés [+],2018,৳,"82,1 €",
1868,2019,Bélgica [+],2019,€,"1.593,8 €",
1869,2019,Burkina Faso [+],2018,,,
1870,2019,Bulgaria [+],2019,лв,"286,3 €",
1871,2019,Baréin [+],2011,,"600,8 €",
1872,2019,Burundi [+],2013,,,
1873,2019,Benín [+],2013,,,
1874,2019,Bolivia [+],2019,$b,"270,3 €",
1875,2019,Brasil [+],2019,R$,"224,6 €",
1876,2019,Bahamas [+],2018,$,"175,1 €",
1877,2019,Bután [+],2014,,,
1878,2019,Botsuana [+],2013,P,"76,0 €",
1879,2019,Bielorrusia [+],2019,p.,"133,4 €",
1880,2019,Belice [+],2012,BZ$,"248,8 €",
1881,2019,Canadá [+],2019,$,"1.479,5 €",
1882,2019,República Democrática del Congo [+],2011,,,
1883,2019,Costa de Marfil [+],2018,,,
1884,2019,Chile [+],2019,$,"375,5 €",
1885,2019,Camerún [+],2014,,,
1886,2019,Colombia [+],2019,$,"257,6 €",
1887,2019,Costa Rica [+],2019,₡,"447,2 €",
1888,2019,Cuba [+],2011,₱,,
1889,2019,Chipre [+],2018,€,"870,0 €",
1890,2019,República Checa [+],2019,Kč,"519,0 €",
1891,2019,República Dominicana [+],2013,RD$,"129,6 €",
1892,2019,Argelia [+],2013,,"173,4 €",
1893,2019,Ecuador [+],2013,$,"241,0 €",
1894,2019,Estonia [+],2019,€,"540,0 €",
1895,2019,Egipto [+],2013,£,"83,6 €",
1896,2019,Etiopía [+],2011,,,
1897,2019,Fiyi [+],2012,$,,
1898,2019,Gabón [+],2013,,,
1899,2019,Georgia [+],2019,,"6,5 €",
1900,2019,Ghana [+],2013,¢,"56,9 €",
1901,2019,Gambia [+],2013,,,
1902,2019,Guinea Ecuatorial [+],2013,,,
1903,2019,Grecia [+],2019,€,"758,3 €",
1904,2019,Guatemala [+],2013,Q,"229,4 €",
1905,2019,Guinea-Bisáu [+],2013,,,
1906,2019,Guyana [+],2013,$,,
1907,2019,Hong Kong [+],2013,$,"622,9 €",
1908,2019,Honduras [+],2013,L,"248,1 €",
1909,2019,Croacia [+],2019,kn,"505,9 €",
1910,2019,Haiti [+],2011,,,
1911,2019,Hungría [+],2019,Ft,"464,2 €",
1912,2019,Indonesia [+],2013,Rp,"104,8 €",
1913,2019,Irlanda [+],2019,€,"1.656,2 €",
1914,2019,Israel [+],2019,₪,"1.233,4 €",
1915,2019,India [+],2013,₹,"41,2 €",
1916,2019,Irán [+],2011,﷼,"240,2 €",
1917,2019,Jamaica [+],2018,J$,,
1918,2019,Jordania [+],2013,,,
1919,2019,Kenia [+],2012,,"122,4 €",
1920,2019,Kirguistán [+],2011,лв,,
1921,2019,Camboya [+],2013,៛,,
1922,2019,Comoras [+],2013,,,
1923,2019,Corea del Sur [+],2019,₩,"1.365,6 €",
1924,2019,Kuwait [+],2011,,"161,0 €",
1925,2019,Kazajistán [+],2013,лв,"94,2 €",
1926,2019,Laos [+],2013,₭,,
1927,2019,Líbano [+],2011,£,"249,3 €",
1928,2019,Sri Lanka [+],2016,₨,"37,4 €",
1929,2019,Lesoto [+],2019,,,
1930,2019,Lituania [+],2019,€,"555,0 €",
1931,2019,Luxemburgo [+],2019,€,"2.089,8 €",
1932,2019,Letonia [+],2019,€,"430,0 €",
1933,2019,Libia [+],2013,,,
1934,2019,Marruecos [+],2013,,"209,4 €",
1935,2019,Moldavia [+],2019,,"51,2 €",
1936,2019,Montenegro [+],2019,€,"331,3 €",
1937,2019,Madagascar [+],2013,,,
1938,2019,Macedonia del Norte [+],2018,ден,"282,5 €",
1939,2019,Malí [+],2016,,,
1940,2019,Mongolia [+],2019,₮,,
1941,2019,Mauritania [+],2011,,"81,0 €",
1942,2019,Malta [+],2019,€,"762,0 €",
1943,2019,Mauricio [+],2013,₨,"111,6 €",
1944,2019,Maldivas [+],2010,,"169,1 €",
1945,2019,Malaui [+],2013,,,
1946,2019,México [+],2019,$,"138,9 €",
1947,2019,Malasia [+],2018,RM,"226,6 €",
1948,2019,Mozambique [+],2013,MT,,
1949,2019,Níger [+],2013,,,
1950,2019,Nigeria [+],2013,₦,"87,9 €",
1951,2019,Nicaragua [+],2013,C$,"109,9 €",
1952,2019,Países Bajos [+],2019,€,"1.635,6 €",
1953,2019,Nepal [+],2013,₨,"69,1 €",
1954,2019,Nueva Zelanda [+],2019,$,"166,7 €",
1955,2019,Omán [+],2013,﷼,"641,2 €",
1956,2019,Panamá [+],2013,B/.,"277,4 €",
1957,2019,Perú [+],2018,S/.,"239,5 €",
1958,2019,Papúa Nueva Guinea [+],2013,,,
1959,2019,Filipinas [+],2013,₱,"224,6 €",
1960,2019,Pakistán [+],2017,₨,"144,8 €",
1961,2019,Polonia [+],2019,zł,"523,1 €",
1962,2019,Estado de Palestina [+],2013,₪,,
1963,2019,Paraguay [+],2017,Gs,"325,6 €",
1964,2019,Rumanía [+],2019,lei,"446,0 €",
1965,2019,Serbia [+],2019,Дин,"308,4 €",
1966,2019,Rusia [+],2019,₽,"141,5 €",
1967,2019,Ruanda [+],2013,,,
1968,2019,Arabia Saudita [+],2013,﷼,"606,8 €",
1969,2019,Islas Salomón [+],2010,$,,
1970,2019,Sudán [+],2013,,,
1971,2019,Eslovenia [+],2019,€,"886,6 €",
1972,2019,Eslovaquia [+],2019,€,"520,0 €",
1973,2019,Sierra Leona [+],2013,,,
1974,2019,Senegal [+],2013,,,
1975,2019,El Salvador [+],2018,$,"253,6 €",
1976,2019,Siria [+],2010,£,,
1977,2019,Suazilandia [+],2013,,,
1978,2019,Chad [+],2013,,,
1979,2019,Togo [+],2018,,,
1980,2019,Tailandia [+],2013,฿,"193,3 €",
1981,2019,Tayikistán [+],2019,,,
1982,2019,Timor Oriental [+],2013,$,"87,2 €",
1983,2019,Túnez [+],2012,,"133,6 €",
1984,2019,Turquía [+],2019,₤,"422,3 €",
1985,2019,Trinidad y Tobago [+],2013,TT$,"256,1 €",
1986,2019,Taiwan [+],2013,NT$,"497,0 €",
1987,2019,Tanzania [+],2019,,,
1988,2019,Ucrania [+],2019,₴,"112,4 €",
1989,2019,Uganda [+],2018,,"1,7 €",
1990,2019,Uruguay [+],2019,$U,"521,5 €",
1991,2019,Uzbekistán [+],2019,л,,
1992,2019,Venezuela [+],2019,Bs,"525,8 €",
1993,2019,Vietnam [+],2019,₫,,
1994,2019,Sudáfrica [+],2013,R,"221,4 €",
1995,2020,España [+],2020,€,"1.108,3 €",
1996,2020,Alemania [+],2020,€,"1.584,0 €",
1997,2020,Reino Unido [+],2020,£,"1.583,3 €",
1998,2020,Francia [+],2020,€,"1.539,4 €",
1999,2020,Portugal [+],2020,€,"740,8 €",
2000,2020,Estados Unidos [+],2020,$,"1.118,6 €",
2001,2020,Japón [+],2019,¥,"1.213,1 €",
2002,2020,China [+],2018,¥,"271,6 €",
2003,2020,Andorra [+],2015,€,"975,9 €",
2004,2020,Afganistán [+],2017,؋,,
2005,2020,Albania [+],2020,Lek,"213,5 €",
2006,2020,Armenia [+],2019,,"118,2 €",
2007,2020,Angola [+],2018,,,
2008,2020,Argentina [+],2019,$,"270,3 €",
2009,2020,Australia [+],2020,$,"1.950,3 €",
2010,2020,Azerbaiyán [+],2019,ман,"128,4 €",
2011,2020,Bangladés [+],2018,৳,"82,1 €",
2012,2020,Bélgica [+],2020,€,"1.625,7 €",
2013,2020,Burkina Faso [+],2018,,,
2014,2020,Bulgaria [+],2020,лв,"311,9 €",
2015,2020,Baréin [+],2011,,"600,8 €",
2016,2020,Burundi [+],2013,,,
2017,2020,Benín [+],2013,,,
2018,2020,Bolivia [+],2019,$b,"270,3 €",
2019,2020,Brasil [+],2019,R$,"224,6 €",
2020,2020,Bahamas [+],2018,$,"175,1 €",
2021,2020,Bután [+],2014,,,
2022,2020,Botsuana [+],2013,P,"76,0 €",
2023,2020,Bielorrusia [+],2019,p.,"133,4 €",
2024,2020,Belice [+],2012,BZ$,"248,8 €",
2025,2020,Canadá [+],2019,$,"1.479,5 €",
2026,2020,República Democrática del Congo [+],2011,,,
2027,2020,Costa de Marfil [+],2018,,,
2028,2020,Chile [+],2019,$,"375,5 €",
2029,2020,Camerún [+],2014,,,
2030,2020,Colombia [+],2019,$,"257,6 €",
2031,2020,Costa Rica [+],2019,₡,"447,2 €",
2032,2020,Cuba [+],2011,₱,,
2033,2020,Chipre [+],2018,€,"870,0 €",
2034,2020,República Checa [+],2020,Kč,"574,6 €",
2035,2020,República Dominicana [+],2013,RD$,"129,6 €",
2036,2020,Argelia [+],2013,,"173,4 €",
2037,2020,Ecuador [+],2013,$,"241,0 €",
2038,2020,Estonia [+],2020,€,"584,0 €",
2039,2020,Egipto [+],2013,£,"83,6 €",
2040,2020,Etiopía [+],2011,,,
2041,2020,Fiyi [+],2012,$,,
2042,2020,Gabón [+],2013,,,
2043,2020,Georgia [+],2019,,"6,5 €",
2044,2020,Ghana [+],2013,¢,"56,9 €",
2045,2020,Gambia [+],2013,,,
2046,2020,Guinea Ecuatorial [+],2013,,,
2047,2020,Grecia [+],2020,€,"758,3 €",
2048,2020,Guatemala [+],2013,Q,"229,4 €",
2049,2020,Guinea-Bisáu [+],2013,,,
2050,2020,Guyana [+],2013,$,,
2051,2020,Hong Kong [+],2013,$,"622,9 €",
2052,2020,Honduras [+],2013,L,"248,1 €",
2053,2020,Croacia [+],2020,kn,"546,1 €",
2054,2020,Haiti [+],2011,,,
2055,2020,Hungría [+],2020,Ft,"487,1 €",
2056,2020,Indonesia [+],2013,Rp,"104,8 €",
2057,2020,Irlanda [+],2020,€,"1.706,9 €",
2058,2020,Israel [+],2019,₪,"1.233,4 €",
2059,2020,India [+],2013,₹,"41,2 €",
2060,2020,Irán [+],2011,﷼,"240,2 €",
2061,2020,Jamaica [+],2018,J$,,
2062,2020,Jordania [+],2013,,,
2063,2020,Kenia [+],2012,,"122,4 €",
2064,2020,Kirguistán [+],2011,лв,,
2065,2020,Camboya [+],2013,៛,,
2066,2020,Comoras [+],2013,,,
2067,2020,Corea del Sur [+],2019,₩,"1.365,6 €",
2068,2020,Kuwait [+],2011,,"161,0 €",
2069,2020,Kazajistán [+],2013,лв,"94,2 €",
2070,2020,Laos [+],2013,₭,,
2071,2020,Líbano [+],2011,£,"249,3 €",
2072,2020,Sri Lanka [+],2016,₨,"37,4 €",
2073,2020,Lesoto [+],2019,,,
2074,2020,Lituania [+],2020,€,"607,0 €",
2075,2020,Luxemburgo [+],2020,€,"2.142,0 €",
2076,2020,Letonia [+],2020,€,"430,0 €",
2077,2020,Libia [+],2013,,,
2078,2020,Marruecos [+],2013,,"209,4 €",
2079,2020,Moldavia [+],2019,,"51,2 €",
2080,2020,Montenegro [+],2020,€,"331,3 €",
2081,2020,Madagascar [+],2013,,,
2082,2020,Macedonia del Norte [+],2018,ден,"282,5 €",
2083,2020,Malí [+],2016,,,
2084,2020,Mongolia [+],2019,₮,,
2085,2020,Mauritania [+],2011,,"81,0 €",
2086,2020,Malta [+],2020,€,"777,1 €",
2087,2020,Mauricio [+],2013,₨,"111,6 €",
2088,2020,Maldivas [+],2010,,"169,1 €",
2089,2020,Malaui [+],2013,,,
2090,2020,México [+],2019,$,"138,9 €",
2091,2020,Malasia [+],2018,RM,"226,6 €",
2092,2020,Mozambique [+],2013,MT,,
2093,2020,Níger [+],2013,,,
2094,2020,Nigeria [+],2013,₦,"87,9 €",
2095,2020,Nicaragua [+],2013,C$,"109,9 €",
2096,2020,Países Bajos [+],2020,€,"1.680,0 €",
2097,2020,Nepal [+],2013,₨,"69,1 €",
2098,2020,Nueva Zelanda [+],2019,$,"166,7 €",
2099,2020,Omán [+],2013,﷼,"641,2 €",
2100,2020,Panamá [+],2013,B/.,"277,4 €",
2101,2020,Perú [+],2018,S/.,"239,5 €",
2102,2020,Papúa Nueva Guinea [+],2013,,,
2103,2020,Filipinas [+],2013,₱,"224,6 €",
2104,2020,Pakistán [+],2017,₨,"144,8 €",
2105,2020,Polonia [+],2020,zł,"610,8 €",
2106,2020,Estado de Palestina [+],2013,₪,,
2107,2020,Paraguay [+],2017,Gs,"325,6 €",
2108,2020,Rumanía [+],2020,lei,"466,2 €",
2109,2020,Serbia [+],2020,Дин,"344,4 €",
2110,2020,Rusia [+],2019,₽,"141,5 €",
2111,2020,Ruanda [+],2013,,,
2112,2020,Arabia Saudita [+],2013,﷼,"606,8 €",
2113,2020,Islas Salomón [+],2010,$,,
2114,2020,Sudán [+],2013,,,
2115,2020,Eslovenia [+],2020,€,"940,6 €",
2116,2020,Eslovaquia [+],2020,€,"580,0 €",
2117,2020,Sierra Leona [+],2013,,,
2118,2020,Senegal [+],2013,,,
2119,2020,El Salvador [+],2018,$,"253,6 €",
2120,2020,Siria [+],2010,£,,
2121,2020,Suazilandia [+],2013,,,
2122,2020,Chad [+],2013,,,
2123,2020,Togo [+],2018,,,
2124,2020,Tailandia [+],2013,฿,"193,3 €",
2125,2020,Tayikistán [+],2019,,,
2126,2020,Timor Oriental [+],2013,$,"87,2 €",
2127,2020,Túnez [+],2012,,"133,6 €",
2128,2020,Turquía [+],2020,₤,"440,3 €",
2129,2020,Trinidad y Tobago [+],2013,TT$,"256,1 €",
2130,2020,Taiwan [+],2013,NT$,"497,0 €",
2131,2020,Tanzania [+],2019,,,
2132,2020,Ucrania [+],2020,₴,"112,4 €",
2133,2020,Uganda [+],2018,,"1,7 €",
2134,2020,Uruguay [+],2019,$U,"521,5 €",
2135,2020,Uzbekistán [+],2019,л,,
2136,2020,Venezuela [+],2020,Bs,"525,8 €",
2137,2020,Vietnam [+],2020,₫,,
2138,2020,Sudáfrica [+],2013,R,"221,4 €",
